#node1	node2	node1_string_id	node2_string_id	neighborhood_on_chromosome	gene_fusion	phylogenetic_cooccurrence	homology	coexpression	experimentally_determined_interaction	database_annotated	automated_textmining	combined_score
AKAP12	RHOD	9606.ENSP00000384537	9606.ENSP00000308576	0	0	0	0	0	0.142	0.500	0.044	0.554
AKAP12	PLXNB1	9606.ENSP00000384537	9606.ENSP00000351338	0	0	0	0	0.060	0	0.400	0	0.411
AKAP12	PLXNA1	9606.ENSP00000384537	9606.ENSP00000377061	0	0	0	0	0.059	0	0.400	0	0.411
CD72	SEMA3F	9606.ENSP00000259633	9606.ENSP00000002829	0	0	0	0	0	0	0	0.510	0.510
CD72	SEMA6A	9606.ENSP00000259633	9606.ENSP00000257414	0	0	0	0	0	0	0	0.508	0.508
CD72	NRP1	9606.ENSP00000259633	9606.ENSP00000265371	0	0	0	0	0	0.046	0	0.456	0.459
CD72	SEMA3B	9606.ENSP00000259633	9606.ENSP00000480680	0	0	0	0	0	0	0	0.519	0.519
CD72	PLXNB2	9606.ENSP00000259633	9606.ENSP00000352288	0	0	0	0	0	0	0	0.624	0.624
CD72	SEMA4A	9606.ENSP00000259633	9606.ENSP00000357265	0	0	0	0	0.063	0	0	0.676	0.683
CD72	PLXNB1	9606.ENSP00000259633	9606.ENSP00000351338	0	0	0	0	0	0	0	0.846	0.846
CD72	SEMA4D	9606.ENSP00000259633	9606.ENSP00000416523	0	0	0	0	0.063	0.510	0.900	0.998	0.999
CLEC4C	SEMA3F	9606.ENSP00000440428	9606.ENSP00000002829	0	0	0	0	0	0	0	0.490	0.489
CLEC4C	SEMA3A	9606.ENSP00000440428	9606.ENSP00000265362	0	0	0	0	0	0	0	0.424	0.424
CLEC4C	NRP1	9606.ENSP00000440428	9606.ENSP00000265371	0	0	0	0	0	0.046	0	0.888	0.889
CLEC4C	PLXNA4	9606.ENSP00000440428	9606.ENSP00000352882	0	0	0	0	0.042	0	0	0.440	0.440
CLEC4C	NRP2	9606.ENSP00000440428	9606.ENSP00000353582	0	0	0	0	0	0	0	0.469	0.469
CLEC4C	PLXNA3	9606.ENSP00000440428	9606.ENSP00000358696	0	0	0	0	0	0	0	0.493	0.493
CLEC4C	PLXNA1	9606.ENSP00000440428	9606.ENSP00000377061	0	0	0	0	0	0	0	0.492	0.492
EFNB2	SEMA3F	9606.ENSP00000493716	9606.ENSP00000002829	0	0	0	0	0.086	0	0	0.451	0.477
EFNB2	NTN1	9606.ENSP00000493716	9606.ENSP00000173229	0	0	0	0	0	0	0	0.510	0.510
EFNB2	SEMA3G	9606.ENSP00000493716	9606.ENSP00000231721	0	0	0	0	0.042	0	0	0.520	0.521
EFNB2	SEMA3C	9606.ENSP00000493716	9606.ENSP00000265361	0	0	0	0	0.116	0	0	0.510	0.548
EFNB2	SEMA3A	9606.ENSP00000493716	9606.ENSP00000265362	0	0	0	0	0.072	0	0	0.662	0.673
EFNB2	NRP1	9606.ENSP00000493716	9606.ENSP00000265371	0	0	0	0	0.065	0	0	0.808	0.813
EFNB2	PLXND1	9606.ENSP00000493716	9606.ENSP00000317128	0	0	0	0	0.140	0	0	0.352	0.419
EFNB2	SEMA6D	9606.ENSP00000493716	9606.ENSP00000324857	0	0	0	0	0.067	0	0	0.388	0.404
EFNB2	SLIT3	9606.ENSP00000493716	9606.ENSP00000332164	0	0	0	0	0.048	0	0	0.479	0.483
EFNB2	PLXNB1	9606.ENSP00000493716	9606.ENSP00000351338	0	0	0	0	0.163	0	0	0.512	0.574
EFNB2	NRP2	9606.ENSP00000493716	9606.ENSP00000353582	0	0	0	0	0.067	0	0	0.641	0.651
EFNB2	PLXNA1	9606.ENSP00000493716	9606.ENSP00000377061	0	0	0	0	0.163	0	0	0.610	0.660
EFNB2	SEMA4D	9606.ENSP00000493716	9606.ENSP00000416523	0	0	0	0	0	0	0	0.461	0.461
EVL	SEMA6A	9606.ENSP00000376652	9606.ENSP00000257414	0	0	0	0	0.042	0.292	0	0.854	0.892
EVL	PLXNA4	9606.ENSP00000376652	9606.ENSP00000352882	0	0	0	0	0.059	0	0	0.637	0.643
EVL	PLXNA2	9606.ENSP00000376652	9606.ENSP00000356000	0	0	0	0	0	0	0	0.616	0.616
EVL	SEMA4D	9606.ENSP00000376652	9606.ENSP00000416523	0	0	0	0	0.072	0	0	0.401	0.420
EVL	SEMA6B	9606.ENSP00000376652	9606.ENSP00000467290	0	0	0	0	0	0	0	0.832	0.832
FARP2	RND1	9606.ENSP00000264042	9606.ENSP00000308461	0	0	0	0	0	0	0	0.491	0.491
FARP2	NRP1	9606.ENSP00000264042	9606.ENSP00000265371	0	0	0	0	0	0	0.500	0.282	0.626
FARP2	PLXNA3	9606.ENSP00000264042	9606.ENSP00000358696	0	0	0	0	0.067	0	0.500	0.352	0.671
FARP2	PLXNA2	9606.ENSP00000264042	9606.ENSP00000356000	0	0	0	0	0	0	0.500	0.552	0.766
FARP2	FES	9606.ENSP00000264042	9606.ENSP00000331504	0	0	0	0	0	0	0.500	0.554	0.767
FARP2	SEMA3A	9606.ENSP00000264042	9606.ENSP00000265362	0	0	0	0	0	0	0.500	0.670	0.827
FARP2	PLXNA4	9606.ENSP00000264042	9606.ENSP00000352882	0	0	0	0	0	0	0.500	0.673	0.829
FARP2	PLXNA1	9606.ENSP00000264042	9606.ENSP00000377061	0	0	0	0	0.139	0	0.500	0.735	0.875
FES	RRAS	9606.ENSP00000331504	9606.ENSP00000246792	0	0	0	0	0.094	0.110	0.500	0.161	0.616
FES	FARP2	9606.ENSP00000331504	9606.ENSP00000264042	0	0	0	0	0	0	0.500	0.554	0.767
FES	SEMA3A	9606.ENSP00000331504	9606.ENSP00000265362	0	0	0	0	0	0.054	0.500	0.348	0.664
FES	NRP1	9606.ENSP00000331504	9606.ENSP00000265371	0	0	0	0	0	0	0.500	0.139	0.551
FES	RND1	9606.ENSP00000331504	9606.ENSP00000308461	0	0	0	0	0.076	0.110	0.500	0.280	0.665
FES	PLXNA4	9606.ENSP00000331504	9606.ENSP00000352882	0	0	0	0	0.074	0.071	0.900	0.125	0.914
FES	PLXNA2	9606.ENSP00000331504	9606.ENSP00000356000	0	0	0	0	0.074	0.071	0.900	0.201	0.922
FES	PLXNA3	9606.ENSP00000331504	9606.ENSP00000358696	0	0	0	0	0.074	0.071	0.900	0.283	0.930
FES	PLXNA1	9606.ENSP00000331504	9606.ENSP00000377061	0	0	0	0	0.074	0.071	0.900	0.553	0.956
L1CAM	SEMA3F	9606.ENSP00000359077	9606.ENSP00000002829	0	0	0	0	0.085	0.071	0	0.354	0.404
L1CAM	NTN1	9606.ENSP00000359077	9606.ENSP00000173229	0	0	0	0	0.053	0	0	0.413	0.421
L1CAM	SEMA3C	9606.ENSP00000359077	9606.ENSP00000265361	0	0	0	0	0.066	0.071	0	0.391	0.426
L1CAM	SEMA3A	9606.ENSP00000359077	9606.ENSP00000265362	0	0	0	0	0.045	0.084	0	0.780	0.790
L1CAM	NRP1	9606.ENSP00000359077	9606.ENSP00000265371	0	0	0	0	0	0.474	0.900	0.985	0.999
L1CAM	SEMA3D	9606.ENSP00000359077	9606.ENSP00000284136	0	0	0	0	0.045	0.071	0	0.389	0.410
L1CAM	PLXND1	9606.ENSP00000359077	9606.ENSP00000317128	0	0	0	0	0	0.071	0	0.566	0.579
L1CAM	PLXNB1	9606.ENSP00000359077	9606.ENSP00000351338	0	0	0	0	0.078	0.254	0	0.519	0.640
L1CAM	PLXNA4	9606.ENSP00000359077	9606.ENSP00000352882	0	0	0	0	0.067	0.071	0	0.628	0.649
L1CAM	NRP2	9606.ENSP00000359077	9606.ENSP00000353582	0	0	0	0	0.056	0.230	0	0.535	0.633
L1CAM	PLXNA3	9606.ENSP00000359077	9606.ENSP00000358696	0	0	0	0	0.073	0.071	0	0.389	0.428
L1CAM	SEMA3B	9606.ENSP00000359077	9606.ENSP00000480680	0	0	0	0	0.089	0.084	0	0.381	0.439
L1CAM	SEMA3E	9606.ENSP00000359077	9606.ENSP00000496491	0	0	0	0	0.098	0.071	0	0.413	0.466
L1CAM	PLXNB3	9606.ENSP00000359077	9606.ENSP00000442736	0	0	0	0	0.110	0.071	0	0.644	0.680
L1CAM	PLXNA1	9606.ENSP00000359077	9606.ENSP00000377061	0	0	0	0	0.084	0.254	0	0.643	0.734
MICAL1	SEMA3A	9606.ENSP00000486901	9606.ENSP00000265362	0	0	0	0	0	0	0	0.495	0.495
MICAL1	PLXNA4	9606.ENSP00000486901	9606.ENSP00000352882	0	0	0	0	0	0.158	0	0.823	0.845
MICAL1	PLXNA2	9606.ENSP00000486901	9606.ENSP00000356000	0	0	0	0	0	0.158	0	0.754	0.784
MICAL1	PLXNA3	9606.ENSP00000486901	9606.ENSP00000358696	0	0	0	0	0.072	0.158	0	0.795	0.826
MICAL1	PLXNA1	9606.ENSP00000486901	9606.ENSP00000377061	0	0	0	0	0.059	0.158	0	0.870	0.888
NRCAM	SEMA3F	9606.ENSP00000368314	9606.ENSP00000002829	0	0	0	0	0.045	0.071	0	0.741	0.750
NRCAM	NTN1	9606.ENSP00000368314	9606.ENSP00000173229	0	0	0	0	0.070	0	0	0.402	0.420
NRCAM	SEMA3A	9606.ENSP00000368314	9606.ENSP00000265362	0	0	0	0	0.068	0.084	0	0.647	0.673
NRCAM	NRP1	9606.ENSP00000368314	9606.ENSP00000265371	0	0	0	0	0.044	0	0	0.554	0.555
NRCAM	PLXND1	9606.ENSP00000368314	9606.ENSP00000317128	0	0	0	0	0.042	0.071	0	0.452	0.470
NRCAM	SEMA6D	9606.ENSP00000368314	9606.ENSP00000324857	0	0	0	0	0.085	0.084	0	0.845	0.859
NRCAM	PLXNA4	9606.ENSP00000368314	9606.ENSP00000352882	0	0	0	0	0.086	0.071	0	0.357	0.406
NRCAM	NRP2	9606.ENSP00000368314	9606.ENSP00000353582	0	0	0	0	0.049	0	0.900	0.644	0.963
NRCAM	SEMA3B	9606.ENSP00000368314	9606.ENSP00000480680	0	0	0	0	0.045	0.084	0	0.682	0.697
NRCAM	PLXNA1	9606.ENSP00000368314	9606.ENSP00000377061	0	0	0	0	0.049	0.071	0	0.777	0.786
NRP1	SEMA3F	9606.ENSP00000265371	9606.ENSP00000002829	0	0	0	0	0.042	0.097	0.900	0.993	0.999
NRP1	NTN1	9606.ENSP00000265371	9606.ENSP00000173229	0	0	0	0	0	0	0	0.657	0.657
NRP1	SEMA3G	9606.ENSP00000265371	9606.ENSP00000231721	0	0	0	0	0	0.097	0.900	0.929	0.993
NRP1	RRAS	9606.ENSP00000265371	9606.ENSP00000246792	0	0	0	0	0.060	0	0.500	0.221	0.602
NRP1	SEMA6A	9606.ENSP00000265371	9606.ENSP00000257414	0	0	0	0	0.042	0.161	0	0.911	0.922
NRP1	PLXNC1	9606.ENSP00000265371	9606.ENSP00000258526	0	0	0	0	0.044	0.184	0.540	0.692	0.874
NRP1	CD72	9606.ENSP00000265371	9606.ENSP00000259633	0	0	0	0	0	0.046	0	0.456	0.459
NRP1	SEMA7A	9606.ENSP00000265371	9606.ENSP00000261918	0	0	0	0	0	0.097	0	0.754	0.769
NRP1	FARP2	9606.ENSP00000265371	9606.ENSP00000264042	0	0	0	0	0	0	0.500	0.282	0.626
NRP1	SEMA3C	9606.ENSP00000265371	9606.ENSP00000265361	0	0	0.253	0	0.100	0.097	0.900	0.979	0.998
NRP1	SEMA3A	9606.ENSP00000265371	9606.ENSP00000265362	0	0	0	0	0.074	0.920	0.900	0.999	0.999
NRP1	SLIT3	9606.ENSP00000265371	9606.ENSP00000332164	0	0	0	0	0.072	0	0	0.406	0.425
NRP1	SEMA4D	9606.ENSP00000265371	9606.ENSP00000416523	0	0	0	0	0.049	0.097	0	0.475	0.509
NRP1	SEMA6B	9606.ENSP00000265371	9606.ENSP00000467290	0	0	0	0	0	0.161	0	0.481	0.546
NRP1	FES	9606.ENSP00000265371	9606.ENSP00000331504	0	0	0	0	0	0	0.500	0.139	0.551
NRP1	NRCAM	9606.ENSP00000265371	9606.ENSP00000368314	0	0	0	0	0.044	0	0	0.554	0.555
NRP1	RND1	9606.ENSP00000265371	9606.ENSP00000308461	0	0	0	0	0	0	0.500	0.161	0.562
NRP1	SEMA4F	9606.ENSP00000265371	9606.ENSP00000350547	0	0	0	0	0	0.161	0	0.515	0.576
NRP1	SEMA5A	9606.ENSP00000265371	9606.ENSP00000371936	0	0	0	0	0.058	0.161	0	0.571	0.631
NRP1	SEMA6D	9606.ENSP00000265371	9606.ENSP00000324857	0	0	0	0	0	0.161	0	0.580	0.633
NRP1	PLXNB3	9606.ENSP00000265371	9606.ENSP00000442736	0	0	0	0	0	0.144	0.540	0.231	0.670
NRP1	PLXNB2	9606.ENSP00000265371	9606.ENSP00000352288	0	0	0	0	0.049	0.144	0.540	0.375	0.735
NRP1	EFNB2	9606.ENSP00000265371	9606.ENSP00000493716	0	0	0	0	0.065	0	0	0.808	0.813
NRP1	CLEC4C	9606.ENSP00000265371	9606.ENSP00000440428	0	0	0	0	0	0.046	0	0.888	0.889
NRP1	PLXNB1	9606.ENSP00000265371	9606.ENSP00000351338	0	0	0	0	0	0.312	0.720	0.731	0.943
NRP1	SEMA4A	9606.ENSP00000265371	9606.ENSP00000357265	0	0	0	0	0	0.097	0	0.941	0.944
NRP1	NRP2	9606.ENSP00000265371	9606.ENSP00000353582	0	0	0.057	0.921	0.110	0.230	0.720	0.846	0.967
NRP1	PLXND1	9606.ENSP00000265371	9606.ENSP00000317128	0	0	0	0	0.065	0.397	0.540	0.949	0.985
NRP1	SEMA3E	9606.ENSP00000265371	9606.ENSP00000496491	0	0	0	0	0	0.097	0.900	0.968	0.996
NRP1	PGF	9606.ENSP00000265371	9606.ENSP00000451040	0	0	0	0	0	0.292	0	0.997	0.997
NRP1	SEMA3D	9606.ENSP00000265371	9606.ENSP00000284136	0	0	0	0	0.042	0.097	0.900	0.986	0.998
NRP1	SEMA3B	9606.ENSP00000265371	9606.ENSP00000480680	0	0	0	0	0.042	0.487	0.900	0.992	0.999
NRP1	PLXNA1	9606.ENSP00000265371	9606.ENSP00000377061	0	0	0	0	0.066	0.713	0.900	0.998	0.999
NRP1	PLXNA4	9606.ENSP00000265371	9606.ENSP00000352882	0	0	0	0	0.043	0.797	0.900	0.997	0.999
NRP1	L1CAM	9606.ENSP00000265371	9606.ENSP00000359077	0	0	0	0	0	0.474	0.900	0.985	0.999
NRP1	PLXNA3	9606.ENSP00000265371	9606.ENSP00000358696	0	0	0	0	0.048	0.272	0.900	0.996	0.999
NRP1	PLXNA2	9606.ENSP00000265371	9606.ENSP00000356000	0	0	0	0	0	0.884	0.900	0.992	0.999
NRP2	SEMA3F	9606.ENSP00000353582	9606.ENSP00000002829	0	0	0	0	0	0.301	0	0.999	0.999
NRP2	NTN1	9606.ENSP00000353582	9606.ENSP00000173229	0	0	0	0	0.042	0	0	0.430	0.430
NRP2	SEMA3G	9606.ENSP00000353582	9606.ENSP00000231721	0	0	0	0	0	0.095	0	0.811	0.822
NRP2	SEMA6A	9606.ENSP00000353582	9606.ENSP00000257414	0	0	0	0	0.042	0.071	0	0.922	0.924
NRP2	PLXNC1	9606.ENSP00000353582	9606.ENSP00000258526	0	0	0	0	0.064	0.053	0.540	0.784	0.900
NRP2	SEMA7A	9606.ENSP00000353582	9606.ENSP00000261918	0	0	0	0	0.072	0.045	0	0.604	0.618
NRP2	SEMA3C	9606.ENSP00000353582	9606.ENSP00000265361	0	0	0	0	0.047	0.095	0	0.992	0.992
NRP2	SEMA3A	9606.ENSP00000353582	9606.ENSP00000265362	0	0	0	0	0.086	0.095	0	0.996	0.996
NRP2	NRP1	9606.ENSP00000353582	9606.ENSP00000265371	0	0	0.057	0.921	0.110	0.230	0.720	0.846	0.967
NRP2	SEMA3D	9606.ENSP00000353582	9606.ENSP00000284136	0	0	0	0	0.049	0.045	0	0.739	0.742
NRP2	PLXND1	9606.ENSP00000353582	9606.ENSP00000317128	0	0	0	0	0.056	0.053	0.540	0.879	0.943
NRP2	SLIT3	9606.ENSP00000353582	9606.ENSP00000332164	0	0	0	0	0	0	0	0.603	0.603
NRP2	PLXNB1	9606.ENSP00000353582	9606.ENSP00000351338	0	0	0	0	0	0.238	0.720	0.380	0.856
NRP2	PLXNB2	9606.ENSP00000353582	9606.ENSP00000352288	0	0	0	0	0.042	0.051	0.540	0.277	0.657
NRP2	PLXNA4	9606.ENSP00000353582	9606.ENSP00000352882	0	0	0	0	0.049	0.057	0.540	0.987	0.993
NRP2	CLEC4C	9606.ENSP00000353582	9606.ENSP00000440428	0	0	0	0	0	0	0	0.469	0.469
NRP2	SEMA4B	9606.ENSP00000353582	9606.ENSP00000394720	0	0	0	0	0	0.095	0	0.462	0.492
NRP2	SEMA5A	9606.ENSP00000353582	9606.ENSP00000371936	0	0	0	0	0.066	0.071	0	0.591	0.614
NRP2	L1CAM	9606.ENSP00000353582	9606.ENSP00000359077	0	0	0	0	0.056	0.230	0	0.535	0.633
NRP2	SEMA6B	9606.ENSP00000353582	9606.ENSP00000467290	0	0	0	0	0.056	0.071	0	0.634	0.651
NRP2	EFNB2	9606.ENSP00000353582	9606.ENSP00000493716	0	0	0	0	0.067	0	0	0.641	0.651
NRP2	PLXNB3	9606.ENSP00000353582	9606.ENSP00000442736	0	0	0	0	0.050	0.051	0.540	0.326	0.683
NRP2	SEMA3E	9606.ENSP00000353582	9606.ENSP00000496491	0	0	0	0	0	0.095	0	0.894	0.900
NRP2	PLXNA2	9606.ENSP00000353582	9606.ENSP00000356000	0	0	0	0	0.059	0.057	0.540	0.899	0.953
NRP2	NRCAM	9606.ENSP00000353582	9606.ENSP00000368314	0	0	0	0	0.049	0	0.900	0.644	0.963
NRP2	PGF	9606.ENSP00000353582	9606.ENSP00000451040	0	0	0	0	0.049	0	0	0.968	0.968
NRP2	SEMA3B	9606.ENSP00000353582	9606.ENSP00000480680	0	0	0	0	0	0.095	0	0.973	0.974
NRP2	PLXNA3	9606.ENSP00000353582	9606.ENSP00000358696	0	0	0	0	0.043	0.066	0.540	0.993	0.996
NRP2	PLXNA1	9606.ENSP00000353582	9606.ENSP00000377061	0	0	0	0	0.072	0.250	0.540	0.992	0.997
NTN1	SEMA3F	9606.ENSP00000173229	9606.ENSP00000002829	0	0	0	0	0.067	0	0	0.563	0.575
NTN1	SEMA7A	9606.ENSP00000173229	9606.ENSP00000261918	0	0	0	0	0	0	0	0.400	0.400
NTN1	SEMA5A	9606.ENSP00000173229	9606.ENSP00000371936	0	0	0	0	0.042	0	0	0.413	0.413
NTN1	PLXND1	9606.ENSP00000173229	9606.ENSP00000317128	0	0	0	0	0.060	0	0	0.409	0.420
NTN1	NRCAM	9606.ENSP00000173229	9606.ENSP00000368314	0	0	0	0	0.070	0	0	0.402	0.420
NTN1	L1CAM	9606.ENSP00000173229	9606.ENSP00000359077	0	0	0	0	0.053	0	0	0.413	0.421
NTN1	NRP2	9606.ENSP00000173229	9606.ENSP00000353582	0	0	0	0	0.042	0	0	0.430	0.430
NTN1	PLXNA3	9606.ENSP00000173229	9606.ENSP00000358696	0	0	0	0	0.074	0	0	0.431	0.451
NTN1	SEMA6A	9606.ENSP00000173229	9606.ENSP00000257414	0	0	0	0	0.049	0	0	0.446	0.451
NTN1	SEMA4D	9606.ENSP00000173229	9606.ENSP00000416523	0	0	0	0	0	0	0	0.453	0.453
NTN1	SEMA3B	9606.ENSP00000173229	9606.ENSP00000480680	0	0	0	0	0.044	0	0	0.452	0.454
NTN1	EFNB2	9606.ENSP00000173229	9606.ENSP00000493716	0	0	0	0	0	0	0	0.510	0.510
NTN1	PLXNA1	9606.ENSP00000173229	9606.ENSP00000377061	0	0	0	0	0.094	0	0	0.483	0.511
NTN1	SEMA3E	9606.ENSP00000173229	9606.ENSP00000496491	0	0	0	0	0	0	0	0.547	0.547
NTN1	SEMA3C	9606.ENSP00000173229	9606.ENSP00000265361	0	0	0	0	0	0	0	0.635	0.635
NTN1	NRP1	9606.ENSP00000173229	9606.ENSP00000265371	0	0	0	0	0	0	0	0.657	0.657
NTN1	SEMA3A	9606.ENSP00000173229	9606.ENSP00000265362	0	0	0	0	0.047	0	0	0.736	0.738
NTN1	SLIT3	9606.ENSP00000173229	9606.ENSP00000332164	0	0	0	0	0.047	0.127	0	0.889	0.900
PGF	SEMA3F	9606.ENSP00000451040	9606.ENSP00000002829	0	0	0	0	0.085	0	0	0.466	0.490
PGF	SEMA3A	9606.ENSP00000451040	9606.ENSP00000265362	0	0	0	0	0	0	0	0.518	0.518
PGF	NRP1	9606.ENSP00000451040	9606.ENSP00000265371	0	0	0	0	0	0.292	0	0.997	0.997
PGF	PLXNA4	9606.ENSP00000451040	9606.ENSP00000352882	0	0	0	0	0	0	0	0.409	0.408
PGF	NRP2	9606.ENSP00000451040	9606.ENSP00000353582	0	0	0	0	0.049	0	0	0.968	0.968
PGF	PLXNA1	9606.ENSP00000451040	9606.ENSP00000377061	0	0	0	0	0.048	0	0	0.445	0.449
PGF	PLXNB3	9606.ENSP00000451040	9606.ENSP00000442736	0	0	0	0	0.043	0	0	0.421	0.422
PLXNA1	SEMA3F	9606.ENSP00000377061	9606.ENSP00000002829	0	0	0	0	0.099	0.186	0	0.990	0.992
PLXNA1	NTN1	9606.ENSP00000377061	9606.ENSP00000173229	0	0	0	0	0.094	0	0	0.483	0.511
PLXNA1	SEMA3G	9606.ENSP00000377061	9606.ENSP00000231721	0	0	0	0	0	0.186	0	0.590	0.652
PLXNA1	RRAS	9606.ENSP00000377061	9606.ENSP00000246792	0	0	0	0	0.066	0.132	0.500	0.562	0.798
PLXNA1	SEMA6A	9606.ENSP00000377061	9606.ENSP00000257414	0	0	0	0	0	0.420	0	0.868	0.920
PLXNA1	PLXNC1	9606.ENSP00000377061	9606.ENSP00000258526	0	0	0	0.661	0	0	0.540	0.284	0.656
PLXNA1	SEMA7A	9606.ENSP00000377061	9606.ENSP00000261918	0	0	0	0	0.074	0.186	0	0.742	0.788
PLXNA1	FARP2	9606.ENSP00000377061	9606.ENSP00000264042	0	0	0	0	0.139	0	0.500	0.735	0.875
PLXNA1	SEMA3C	9606.ENSP00000377061	9606.ENSP00000265361	0	0	0	0	0.067	0.186	0	0.957	0.965
PLXNA1	SEMA3A	9606.ENSP00000377061	9606.ENSP00000265362	0	0	0	0	0.062	0.335	0.500	0.999	0.999
PLXNA1	NRP1	9606.ENSP00000377061	9606.ENSP00000265371	0	0	0	0	0.066	0.713	0.900	0.998	0.999
PLXNA1	SEMA3D	9606.ENSP00000377061	9606.ENSP00000284136	0	0	0	0	0	0.186	0	0.737	0.777
PLXNA1	SEMA4C	9606.ENSP00000377061	9606.ENSP00000306844	0	0	0	0.551	0.068	0.225	0	0.285	0.438
PLXNA1	RND1	9606.ENSP00000377061	9606.ENSP00000308461	0	0	0	0	0	0.223	0.900	0.885	0.990
PLXNA1	RHOD	9606.ENSP00000377061	9606.ENSP00000308576	0	0	0	0	0.067	0.409	0.900	0.573	0.973
PLXNA1	PLXND1	9606.ENSP00000377061	9606.ENSP00000317128	0	0	0	0.784	0.074	0.072	0.540	0.539	0.793
PLXNA1	SEMA6D	9606.ENSP00000377061	9606.ENSP00000324857	0	0	0	0.548	0	0.919	0.500	0.988	0.999
PLXNA1	FES	9606.ENSP00000377061	9606.ENSP00000331504	0	0	0	0	0.074	0.071	0.900	0.553	0.956
PLXNA1	SLIT3	9606.ENSP00000377061	9606.ENSP00000332164	0	0	0	0	0.068	0	0	0.684	0.693
PLXNA1	SEMA4F	9606.ENSP00000377061	9606.ENSP00000350547	0	0	0	0	0.061	0.225	0	0.357	0.491
PLXNA1	PLXNB1	9606.ENSP00000377061	9606.ENSP00000351338	0	0	0	0.816	0.085	0.230	0.540	0.505	0.818
PLXNA1	PLXNB2	9606.ENSP00000377061	9606.ENSP00000352288	0	0	0	0.809	0.090	0	0.540	0.157	0.616
PLXNA1	PLXNA4	9606.ENSP00000377061	9606.ENSP00000352882	0	0	0.054	0.968	0.042	0	0.540	0.904	0.954
PLXNA1	NRP2	9606.ENSP00000377061	9606.ENSP00000353582	0	0	0	0	0.072	0.250	0.540	0.992	0.997
PLXNA1	PLXNA2	9606.ENSP00000377061	9606.ENSP00000356000	0	0	0.054	0.968	0.062	0	0.540	0.372	0.709
PLXNA1	SEMA4A	9606.ENSP00000377061	9606.ENSP00000357265	0	0	0	0.560	0	0.186	0	0.557	0.624
PLXNA1	SEMA6C	9606.ENSP00000377061	9606.ENSP00000357909	0	0	0	0	0.072	0.225	0	0.918	0.936
PLXNA1	PLXNA3	9606.ENSP00000377061	9606.ENSP00000358696	0	0	0.054	0.971	0.224	0	0.540	0.383	0.763
PLXNA1	L1CAM	9606.ENSP00000377061	9606.ENSP00000359077	0	0	0	0	0.084	0.254	0	0.643	0.734
PLXNA1	NRCAM	9606.ENSP00000377061	9606.ENSP00000368314	0	0	0	0	0.049	0.071	0	0.777	0.786
PLXNA1	SEMA5A	9606.ENSP00000377061	9606.ENSP00000371936	0	0	0	0.548	0.048	0.225	0	0.828	0.862
PLXNA1	AKAP12	9606.ENSP00000377061	9606.ENSP00000384537	0	0	0	0	0.059	0	0.400	0	0.411
PLXNA1	PGF	9606.ENSP00000377061	9606.ENSP00000451040	0	0	0	0	0.048	0	0	0.445	0.449
PLXNA1	CLEC4C	9606.ENSP00000377061	9606.ENSP00000440428	0	0	0	0	0	0	0	0.492	0.492
PLXNA1	SEMA4B	9606.ENSP00000377061	9606.ENSP00000394720	0	0	0	0.558	0.049	0.186	0	0.535	0.609
PLXNA1	PLXNB3	9606.ENSP00000377061	9606.ENSP00000442736	0	0	0	0.810	0.086	0	0.540	0.152	0.612
PLXNA1	SEMA6B	9606.ENSP00000377061	9606.ENSP00000467290	0	0	0	0	0.044	0.295	0	0.511	0.641
PLXNA1	EFNB2	9606.ENSP00000377061	9606.ENSP00000493716	0	0	0	0	0.163	0	0	0.610	0.660
PLXNA1	SEMA4D	9606.ENSP00000377061	9606.ENSP00000416523	0	0	0	0	0.042	0.308	0	0.644	0.743
PLXNA1	SEMA5B	9606.ENSP00000377061	9606.ENSP00000389588	0	0	0	0	0.044	0.225	0	0.764	0.810
PLXNA1	SEMA3E	9606.ENSP00000377061	9606.ENSP00000496491	0	0	0	0	0	0.186	0	0.793	0.824
PLXNA1	SEMA3B	9606.ENSP00000377061	9606.ENSP00000480680	0	0	0	0.550	0.067	0.273	0	0.806	0.857
PLXNA1	MICAL1	9606.ENSP00000377061	9606.ENSP00000486901	0	0	0	0	0.059	0.158	0	0.870	0.888
PLXNA2	SEMA3F	9606.ENSP00000356000	9606.ENSP00000002829	0	0	0	0.551	0.067	0.186	0	0.625	0.690
PLXNA2	SEMA3G	9606.ENSP00000356000	9606.ENSP00000231721	0	0	0	0.550	0.059	0.186	0	0.284	0.404
PLXNA2	RRAS	9606.ENSP00000356000	9606.ENSP00000246792	0	0	0	0	0	0.132	0.500	0.459	0.745
PLXNA2	SEMA6A	9606.ENSP00000356000	9606.ENSP00000257414	0	0	0	0.548	0	0.938	0.700	0.985	0.999
PLXNA2	PLXNC1	9606.ENSP00000356000	9606.ENSP00000258526	0	0	0	0.656	0	0	0.540	0.264	0.647
PLXNA2	SEMA7A	9606.ENSP00000356000	9606.ENSP00000261918	0	0	0	0.552	0.042	0.186	0	0.546	0.615
PLXNA2	FARP2	9606.ENSP00000356000	9606.ENSP00000264042	0	0	0	0	0	0	0.500	0.552	0.766
PLXNA2	SEMA3C	9606.ENSP00000356000	9606.ENSP00000265361	0	0	0	0.551	0.059	0.186	0	0.954	0.961
PLXNA2	SEMA3A	9606.ENSP00000356000	9606.ENSP00000265362	0	0	0	0	0	0.797	0.500	0.998	0.999
PLXNA2	NRP1	9606.ENSP00000356000	9606.ENSP00000265371	0	0	0	0	0	0.884	0.900	0.992	0.999
PLXNA2	SEMA3D	9606.ENSP00000356000	9606.ENSP00000284136	0	0	0	0.550	0	0.186	0	0.316	0.419
PLXNA2	SEMA4C	9606.ENSP00000356000	9606.ENSP00000306844	0	0	0	0.550	0.049	0.225	0	0.292	0.433
PLXNA2	RND1	9606.ENSP00000356000	9606.ENSP00000308461	0	0	0	0	0	0.907	0.900	0.579	0.995
PLXNA2	RHOD	9606.ENSP00000356000	9606.ENSP00000308576	0	0	0	0	0	0.113	0.900	0.146	0.917
PLXNA2	PLXND1	9606.ENSP00000356000	9606.ENSP00000317128	0	0	0	0.792	0.058	0.070	0.540	0.172	0.621
PLXNA2	SEMA6D	9606.ENSP00000356000	9606.ENSP00000324857	0	0	0	0.549	0.105	0.225	0	0.819	0.864
PLXNA2	FES	9606.ENSP00000356000	9606.ENSP00000331504	0	0	0	0	0.074	0.071	0.900	0.201	0.922
PLXNA2	SLIT3	9606.ENSP00000356000	9606.ENSP00000332164	0	0	0	0	0.083	0	0	0.391	0.418
PLXNA2	SEMA4F	9606.ENSP00000356000	9606.ENSP00000350547	0	0	0	0	0	0.225	0	0.298	0.433
PLXNA2	PLXNB1	9606.ENSP00000356000	9606.ENSP00000351338	0	0	0	0.815	0.062	0	0.540	0.197	0.623
PLXNA2	PLXNB2	9606.ENSP00000356000	9606.ENSP00000352288	0	0	0	0.808	0.063	0	0.540	0.137	0.595
PLXNA2	PLXNA4	9606.ENSP00000356000	9606.ENSP00000352882	0	0	0.050	0.972	0.082	0	0.540	0.065	0.574
PLXNA2	NRP2	9606.ENSP00000356000	9606.ENSP00000353582	0	0	0	0	0.059	0.057	0.540	0.899	0.953
PLXNA2	PLXNA3	9606.ENSP00000356000	9606.ENSP00000358696	0	0	0.055	0.963	0	0	0.540	0.069	0.560
PLXNA2	PLXNB3	9606.ENSP00000356000	9606.ENSP00000442736	0	0	0	0.814	0.083	0	0.540	0.142	0.606
PLXNA2	EVL	9606.ENSP00000356000	9606.ENSP00000376652	0	0	0	0	0	0	0	0.616	0.616
PLXNA2	SEMA4A	9606.ENSP00000356000	9606.ENSP00000357265	0	0	0	0.552	0	0.186	0	0.588	0.650
PLXNA2	SEMA5A	9606.ENSP00000356000	9606.ENSP00000371936	0	0	0	0.548	0.048	0.225	0	0.602	0.680
PLXNA2	PLXNA1	9606.ENSP00000356000	9606.ENSP00000377061	0	0	0.054	0.968	0.062	0	0.540	0.372	0.709
PLXNA2	MICAL1	9606.ENSP00000356000	9606.ENSP00000486901	0	0	0	0	0	0.158	0	0.754	0.784
PLXNA2	SEMA3E	9606.ENSP00000356000	9606.ENSP00000496491	0	0	0	0	0	0.186	0	0.755	0.792
PLXNA2	SEMA6C	9606.ENSP00000356000	9606.ENSP00000357909	0	0	0	0	0.067	0.225	0	0.762	0.812
PLXNA2	SEMA3B	9606.ENSP00000356000	9606.ENSP00000480680	0	0	0	0	0.063	0.273	0	0.815	0.862
PLXNA2	SEMA4D	9606.ENSP00000356000	9606.ENSP00000416523	0	0	0	0	0	0.308	0	0.882	0.915
PLXNA2	SEMA6B	9606.ENSP00000356000	9606.ENSP00000467290	0	0	0	0	0.049	0.295	0	0.964	0.974
PLXNA3	SEMA3F	9606.ENSP00000358696	9606.ENSP00000002829	0	0	0	0	0.056	0.186	0	0.999	0.999
PLXNA3	NTN1	9606.ENSP00000358696	9606.ENSP00000173229	0	0	0	0	0.074	0	0	0.431	0.451
PLXNA3	SEMA3G	9606.ENSP00000358696	9606.ENSP00000231721	0	0	0	0	0	0.186	0	0.808	0.837
PLXNA3	RRAS	9606.ENSP00000358696	9606.ENSP00000246792	0	0	0	0	0.055	0.132	0.500	0.449	0.743
PLXNA3	SEMA6A	9606.ENSP00000358696	9606.ENSP00000257414	0	0	0	0	0	0.420	0	0.923	0.953
PLXNA3	PLXNC1	9606.ENSP00000358696	9606.ENSP00000258526	0	0	0	0.647	0	0	0.540	0.271	0.650
PLXNA3	SEMA7A	9606.ENSP00000358696	9606.ENSP00000261918	0	0	0	0	0.056	0.186	0	0.679	0.731
PLXNA3	FARP2	9606.ENSP00000358696	9606.ENSP00000264042	0	0	0	0	0.067	0	0.500	0.352	0.671
PLXNA3	SEMA3C	9606.ENSP00000358696	9606.ENSP00000265361	0	0	0	0	0	0.186	0	0.870	0.889
PLXNA3	SEMA3A	9606.ENSP00000358696	9606.ENSP00000265362	0	0	0	0	0	0.335	0.500	0.999	0.999
PLXNA3	NRP1	9606.ENSP00000358696	9606.ENSP00000265371	0	0	0	0	0.048	0.272	0.900	0.996	0.999
PLXNA3	SEMA3D	9606.ENSP00000358696	9606.ENSP00000284136	0	0	0	0	0	0.186	0	0.812	0.841
PLXNA3	SEMA4C	9606.ENSP00000358696	9606.ENSP00000306844	0	0	0	0.553	0.107	0.225	0	0.285	0.462
PLXNA3	RND1	9606.ENSP00000358696	9606.ENSP00000308461	0	0	0	0	0	0.113	0.900	0.370	0.939
PLXNA3	RHOD	9606.ENSP00000358696	9606.ENSP00000308576	0	0	0	0	0.058	0.113	0.900	0.090	0.913
PLXNA3	PLXND1	9606.ENSP00000358696	9606.ENSP00000317128	0	0	0	0.786	0.042	0.072	0.540	0.172	0.616
PLXNA3	SEMA6D	9606.ENSP00000358696	9606.ENSP00000324857	0	0	0	0.548	0	0.225	0	0.682	0.743
PLXNA3	FES	9606.ENSP00000358696	9606.ENSP00000331504	0	0	0	0	0.074	0.071	0.900	0.283	0.930
PLXNA3	SEMA4F	9606.ENSP00000358696	9606.ENSP00000350547	0	0	0	0	0.111	0.225	0	0.414	0.561
PLXNA3	PLXNB1	9606.ENSP00000358696	9606.ENSP00000351338	0	0	0	0.800	0.082	0	0.540	0.167	0.617
PLXNA3	PLXNB2	9606.ENSP00000358696	9606.ENSP00000352288	0	0	0	0.799	0.061	0	0.540	0.150	0.600
PLXNA3	PLXNA4	9606.ENSP00000358696	9606.ENSP00000352882	0	0	0.054	0.965	0	0	0.540	0.383	0.708
PLXNA3	NRP2	9606.ENSP00000358696	9606.ENSP00000353582	0	0	0	0	0.043	0.066	0.540	0.993	0.996
PLXNA3	PLXNA2	9606.ENSP00000358696	9606.ENSP00000356000	0	0	0.055	0.963	0	0	0.540	0.069	0.560
PLXNA3	SEMA4A	9606.ENSP00000358696	9606.ENSP00000357265	0	0	0	0.557	0	0.186	0	0.534	0.605
PLXNA3	SEMA6C	9606.ENSP00000358696	9606.ENSP00000357909	0	0	0	0	0.049	0.225	0	0.706	0.764
PLXNA3	L1CAM	9606.ENSP00000358696	9606.ENSP00000359077	0	0	0	0	0.073	0.071	0	0.389	0.428
PLXNA3	CLEC4C	9606.ENSP00000358696	9606.ENSP00000440428	0	0	0	0	0	0	0	0.493	0.493
PLXNA3	PLXNB3	9606.ENSP00000358696	9606.ENSP00000442736	0	0	0.100	0.799	0.097	0	0.540	0.158	0.643
PLXNA3	SEMA4D	9606.ENSP00000358696	9606.ENSP00000416523	0	0	0	0	0	0.308	0	0.563	0.684
PLXNA3	SEMA5B	9606.ENSP00000358696	9606.ENSP00000389588	0	0	0	0	0	0.225	0	0.675	0.737
PLXNA3	PLXNA1	9606.ENSP00000358696	9606.ENSP00000377061	0	0	0.054	0.971	0.224	0	0.540	0.383	0.763
PLXNA3	SEMA6B	9606.ENSP00000358696	9606.ENSP00000467290	0	0	0	0	0	0.295	0	0.748	0.814
PLXNA3	MICAL1	9606.ENSP00000358696	9606.ENSP00000486901	0	0	0	0	0.072	0.158	0	0.795	0.826
PLXNA3	SEMA5A	9606.ENSP00000358696	9606.ENSP00000371936	0	0	0	0	0.049	0.225	0	0.808	0.846
PLXNA3	SEMA3E	9606.ENSP00000358696	9606.ENSP00000496491	0	0	0	0	0	0.186	0	0.857	0.879
PLXNA3	SEMA3B	9606.ENSP00000358696	9606.ENSP00000480680	0	0	0	0	0.048	0.273	0	0.956	0.966
PLXNA4	SEMA3F	9606.ENSP00000352882	9606.ENSP00000002829	0	0	0	0.550	0	0.186	0	0.814	0.842
PLXNA4	SEMA4G	9606.ENSP00000352882	9606.ENSP00000210633	0	0	0	0.550	0	0.225	0	0.258	0.400
PLXNA4	SEMA3G	9606.ENSP00000352882	9606.ENSP00000231721	0	0	0	0	0.073	0.186	0	0.600	0.672
PLXNA4	RRAS	9606.ENSP00000352882	9606.ENSP00000246792	0	0	0	0	0	0.132	0.500	0.439	0.735
PLXNA4	SEMA6A	9606.ENSP00000352882	9606.ENSP00000257414	0	0	0	0	0	0.420	0.700	0.999	0.999
PLXNA4	PLXNC1	9606.ENSP00000352882	9606.ENSP00000258526	0	0	0	0.658	0	0	0.540	0.269	0.649
PLXNA4	SEMA7A	9606.ENSP00000352882	9606.ENSP00000261918	0	0	0	0	0	0.186	0	0.711	0.755
PLXNA4	FARP2	9606.ENSP00000352882	9606.ENSP00000264042	0	0	0	0	0	0	0.500	0.673	0.829
PLXNA4	SEMA3C	9606.ENSP00000352882	9606.ENSP00000265361	0	0	0	0	0	0.186	0	0.759	0.795
PLXNA4	SEMA3A	9606.ENSP00000352882	9606.ENSP00000265362	0	0	0	0	0.044	0.839	0.500	0.999	0.999
PLXNA4	NRP1	9606.ENSP00000352882	9606.ENSP00000265371	0	0	0	0	0.043	0.797	0.900	0.997	0.999
PLXNA4	SEMA3D	9606.ENSP00000352882	9606.ENSP00000284136	0	0	0	0	0.049	0.186	0	0.561	0.630
PLXNA4	SEMA4C	9606.ENSP00000352882	9606.ENSP00000306844	0	0	0	0.552	0	0.225	0	0.270	0.410
PLXNA4	RND1	9606.ENSP00000352882	9606.ENSP00000308461	0	0	0	0	0	0.113	0.900	0.570	0.958
PLXNA4	RHOD	9606.ENSP00000352882	9606.ENSP00000308576	0	0	0	0	0	0.113	0.900	0.200	0.922
PLXNA4	PLXND1	9606.ENSP00000352882	9606.ENSP00000317128	0	0	0	0.790	0.056	0.070	0.540	0.460	0.752
PLXNA4	SEMA6D	9606.ENSP00000352882	9606.ENSP00000324857	0	0	0	0.549	0.074	0.225	0	0.921	0.938
PLXNA4	FES	9606.ENSP00000352882	9606.ENSP00000331504	0	0	0	0	0.074	0.071	0.900	0.125	0.914
PLXNA4	SLIT3	9606.ENSP00000352882	9606.ENSP00000332164	0	0	0	0	0.098	0	0	0.426	0.460
PLXNA4	PLXNB1	9606.ENSP00000352882	9606.ENSP00000351338	0	0	0	0.808	0	0	0.540	0.174	0.603
PLXNA4	PLXNB2	9606.ENSP00000352882	9606.ENSP00000352288	0	0	0	0.812	0	0	0.540	0.147	0.591
PLXNA4	NRCAM	9606.ENSP00000352882	9606.ENSP00000368314	0	0	0	0	0.086	0.071	0	0.357	0.406
PLXNA4	PGF	9606.ENSP00000352882	9606.ENSP00000451040	0	0	0	0	0	0	0	0.409	0.408
PLXNA4	CLEC4C	9606.ENSP00000352882	9606.ENSP00000440428	0	0	0	0	0.042	0	0	0.440	0.440
PLXNA4	SEMA5B	9606.ENSP00000352882	9606.ENSP00000389588	0	0	0	0.551	0.076	0.225	0	0.292	0.448
PLXNA4	SEMA5A	9606.ENSP00000352882	9606.ENSP00000371936	0	0	0	0.551	0.059	0.225	0	0.331	0.470
PLXNA4	PLXNA2	9606.ENSP00000352882	9606.ENSP00000356000	0	0	0.050	0.972	0.082	0	0.540	0.065	0.574
PLXNA4	PLXNB3	9606.ENSP00000352882	9606.ENSP00000442736	0	0	0	0.806	0.080	0	0.540	0.151	0.609
PLXNA4	SEMA4A	9606.ENSP00000352882	9606.ENSP00000357265	0	0	0	0.557	0	0.186	0	0.541	0.610
PLXNA4	EVL	9606.ENSP00000352882	9606.ENSP00000376652	0	0	0	0	0.059	0	0	0.637	0.643
PLXNA4	L1CAM	9606.ENSP00000352882	9606.ENSP00000359077	0	0	0	0	0.067	0.071	0	0.628	0.649
PLXNA4	PLXNA3	9606.ENSP00000352882	9606.ENSP00000358696	0	0	0.054	0.965	0	0	0.540	0.383	0.708
PLXNA4	SEMA6C	9606.ENSP00000352882	9606.ENSP00000357909	0	0	0	0	0.078	0.225	0	0.723	0.784
PLXNA4	SEMA4D	9606.ENSP00000352882	9606.ENSP00000416523	0	0	0	0	0	0.308	0	0.707	0.788
PLXNA4	SEMA3E	9606.ENSP00000352882	9606.ENSP00000496491	0	0	0	0	0.049	0.186	0	0.785	0.819
PLXNA4	MICAL1	9606.ENSP00000352882	9606.ENSP00000486901	0	0	0	0	0	0.158	0	0.823	0.845
PLXNA4	SEMA6B	9606.ENSP00000352882	9606.ENSP00000467290	0	0	0	0.552	0	0.295	0	0.843	0.885
PLXNA4	SEMA3B	9606.ENSP00000352882	9606.ENSP00000480680	0	0	0	0	0	0.273	0	0.848	0.885
PLXNA4	PLXNA1	9606.ENSP00000352882	9606.ENSP00000377061	0	0	0.054	0.968	0.042	0	0.540	0.904	0.954
PLXNA4	NRP2	9606.ENSP00000352882	9606.ENSP00000353582	0	0	0	0	0.049	0.057	0.540	0.987	0.993
PLXNB1	SEMA3F	9606.ENSP00000351338	9606.ENSP00000002829	0	0	0	0	0.147	0.186	0	0.601	0.699
PLXNB1	SEMA4G	9606.ENSP00000351338	9606.ENSP00000210633	0	0	0	0.552	0.089	0.225	0.900	0.292	0.943
PLXNB1	SEMA3G	9606.ENSP00000351338	9606.ENSP00000231721	0	0	0	0	0.067	0.186	0	0.398	0.503
PLXNB1	RRAS	9606.ENSP00000351338	9606.ENSP00000246792	0	0	0	0	0.045	0.132	0.900	0.926	0.993
PLXNB1	SEMA6A	9606.ENSP00000351338	9606.ENSP00000257414	0	0	0	0.549	0.074	0.225	0	0.475	0.591
PLXNB1	PLXNC1	9606.ENSP00000351338	9606.ENSP00000258526	0	0	0	0.654	0	0	0.540	0.268	0.648
PLXNB1	CD72	9606.ENSP00000351338	9606.ENSP00000259633	0	0	0	0	0	0	0	0.846	0.846
PLXNB1	SEMA7A	9606.ENSP00000351338	9606.ENSP00000261918	0	0	0	0	0	0.186	0	0.734	0.774
PLXNB1	SEMA3C	9606.ENSP00000351338	9606.ENSP00000265361	0	0	0	0	0.042	0.186	0	0.595	0.657
PLXNB1	SEMA3A	9606.ENSP00000351338	9606.ENSP00000265362	0	0	0	0	0	0.191	0	0.813	0.842
PLXNB1	NRP1	9606.ENSP00000351338	9606.ENSP00000265371	0	0	0	0	0	0.312	0.720	0.731	0.943
PLXNB1	SEMA3D	9606.ENSP00000351338	9606.ENSP00000284136	0	0	0	0	0	0.186	0	0.405	0.495
PLXNB1	SEMA4C	9606.ENSP00000351338	9606.ENSP00000306844	0	0	0	0.553	0.073	0.225	0.900	0.412	0.952
PLXNB1	RND1	9606.ENSP00000351338	9606.ENSP00000308461	0	0	0	0	0.044	0.980	0.900	0.990	0.999
PLXNB1	RHOD	9606.ENSP00000351338	9606.ENSP00000308576	0	0	0	0	0.076	0.345	0.500	0.874	0.957
PLXNB1	PLXND1	9606.ENSP00000351338	9606.ENSP00000317128	0	0	0	0.797	0.049	0	0.540	0.461	0.743
PLXNB1	SEMA6D	9606.ENSP00000351338	9606.ENSP00000324857	0	0	0	0.549	0.067	0.225	0	0.304	0.452
PLXNB1	SEMA4F	9606.ENSP00000351338	9606.ENSP00000350547	0	0	0	0	0.054	0.225	0.900	0.459	0.955
PLXNB1	AKAP12	9606.ENSP00000351338	9606.ENSP00000384537	0	0	0	0	0.060	0	0.400	0	0.411
PLXNB1	SEMA6C	9606.ENSP00000351338	9606.ENSP00000357909	0	0	0	0.552	0.084	0.225	0	0.266	0.433
PLXNB1	EFNB2	9606.ENSP00000351338	9606.ENSP00000493716	0	0	0	0	0.163	0	0	0.512	0.574
PLXNB1	PLXNA4	9606.ENSP00000351338	9606.ENSP00000352882	0	0	0	0.808	0	0	0.540	0.174	0.603
PLXNB1	PLXNA3	9606.ENSP00000351338	9606.ENSP00000358696	0	0	0	0.800	0.082	0	0.540	0.167	0.617
PLXNB1	PLXNA2	9606.ENSP00000351338	9606.ENSP00000356000	0	0	0	0.815	0.062	0	0.540	0.197	0.623
PLXNB1	L1CAM	9606.ENSP00000351338	9606.ENSP00000359077	0	0	0	0	0.078	0.254	0	0.519	0.640
PLXNB1	SEMA5B	9606.ENSP00000351338	9606.ENSP00000389588	0	0	0	0.548	0.080	0.225	0	0.543	0.646
PLXNB1	SEMA6B	9606.ENSP00000351338	9606.ENSP00000467290	0	0	0	0	0.042	0.225	0	0.574	0.656
PLXNB1	SEMA3E	9606.ENSP00000351338	9606.ENSP00000496491	0	0	0	0	0	0.186	0	0.598	0.659
PLXNB1	SEMA5A	9606.ENSP00000351338	9606.ENSP00000371936	0	0	0	0	0.049	0.225	0	0.738	0.790
PLXNB1	PLXNA1	9606.ENSP00000351338	9606.ENSP00000377061	0	0	0	0.816	0.085	0.230	0.540	0.505	0.818
PLXNB1	SEMA3B	9606.ENSP00000351338	9606.ENSP00000480680	0	0	0	0	0.121	0.191	0	0.811	0.854
PLXNB1	NRP2	9606.ENSP00000351338	9606.ENSP00000353582	0	0	0	0	0	0.238	0.720	0.380	0.856
PLXNB1	PLXNB3	9606.ENSP00000351338	9606.ENSP00000442736	0	0	0.052	0.929	0.106	0	0.900	0.287	0.931
PLXNB1	SEMA4B	9606.ENSP00000351338	9606.ENSP00000394720	0	0	0	0.552	0.060	0.186	0.900	0.283	0.937
PLXNB1	PLXNB2	9606.ENSP00000351338	9606.ENSP00000352288	0	0	0	0.891	0.103	0	0.900	0.427	0.944
PLXNB1	SEMA4A	9606.ENSP00000351338	9606.ENSP00000357265	0	0	0	0.553	0.043	0.459	0.900	0.794	0.987
PLXNB1	SEMA4D	9606.ENSP00000351338	9606.ENSP00000416523	0	0	0	0	0	0.810	0.900	0.999	0.999
PLXNB2	SEMA3F	9606.ENSP00000352288	9606.ENSP00000002829	0	0	0	0	0.095	0.186	0	0.493	0.594
PLXNB2	SEMA4G	9606.ENSP00000352288	9606.ENSP00000210633	0	0	0	0.551	0.073	0.225	0.900	0.740	0.978
PLXNB2	RRAS	9606.ENSP00000352288	9606.ENSP00000246792	0	0	0	0	0.103	0.132	0.900	0.651	0.969
PLXNB2	SEMA6A	9606.ENSP00000352288	9606.ENSP00000257414	0	0	0	0.548	0	0.225	0	0.304	0.437
PLXNB2	PLXNC1	9606.ENSP00000352288	9606.ENSP00000258526	0	0	0	0.650	0.042	0	0.540	0.230	0.631
PLXNB2	CD72	9606.ENSP00000352288	9606.ENSP00000259633	0	0	0	0	0	0	0	0.624	0.624
PLXNB2	SEMA7A	9606.ENSP00000352288	9606.ENSP00000261918	0	0	0	0	0.063	0.186	0	0.471	0.561
PLXNB2	SEMA3C	9606.ENSP00000352288	9606.ENSP00000265361	0	0	0	0	0.062	0.186	0	0.629	0.692
PLXNB2	SEMA3A	9606.ENSP00000352288	9606.ENSP00000265362	0	0	0	0	0	0.191	0	0.484	0.564
PLXNB2	NRP1	9606.ENSP00000352288	9606.ENSP00000265371	0	0	0	0	0.049	0.144	0.540	0.375	0.735
PLXNB2	SEMA4C	9606.ENSP00000352288	9606.ENSP00000306844	0	0	0	0.552	0.092	0.268	0.900	0.957	0.996
PLXNB2	RND1	9606.ENSP00000352288	9606.ENSP00000308461	0	0	0	0	0	0.631	0.900	0.438	0.977
PLXNB2	RHOD	9606.ENSP00000352288	9606.ENSP00000308576	0	0	0	0	0.067	0.945	0	0.254	0.959
PLXNB2	PLXND1	9606.ENSP00000352288	9606.ENSP00000317128	0	0	0	0.809	0.097	0	0.540	0.443	0.748
PLXNB2	SEMA4F	9606.ENSP00000352288	9606.ENSP00000350547	0	0	0	0	0.048	0.225	0.900	0.418	0.951
PLXNB2	PLXNB1	9606.ENSP00000352288	9606.ENSP00000351338	0	0	0	0.891	0.103	0	0.900	0.427	0.944
PLXNB2	SEMA3B	9606.ENSP00000352288	9606.ENSP00000480680	0	0	0	0.552	0.082	0.191	0	0.298	0.433
PLXNB2	SEMA3E	9606.ENSP00000352288	9606.ENSP00000496491	0	0	0	0	0	0.186	0	0.457	0.539
PLXNB2	PLXNA4	9606.ENSP00000352288	9606.ENSP00000352882	0	0	0	0.812	0	0	0.540	0.147	0.591
PLXNB2	PLXNA2	9606.ENSP00000352288	9606.ENSP00000356000	0	0	0	0.808	0.063	0	0.540	0.137	0.595
PLXNB2	PLXNA3	9606.ENSP00000352288	9606.ENSP00000358696	0	0	0	0.799	0.061	0	0.540	0.150	0.600
PLXNB2	PLXNA1	9606.ENSP00000352288	9606.ENSP00000377061	0	0	0	0.809	0.090	0	0.540	0.157	0.616
PLXNB2	SEMA5B	9606.ENSP00000352288	9606.ENSP00000389588	0	0	0	0.548	0	0.225	0	0.529	0.620
PLXNB2	SEMA5A	9606.ENSP00000352288	9606.ENSP00000371936	0	0	0	0.548	0.044	0.225	0	0.574	0.657
PLXNB2	NRP2	9606.ENSP00000352288	9606.ENSP00000353582	0	0	0	0	0.042	0.051	0.540	0.277	0.657
PLXNB2	PLXNB3	9606.ENSP00000352288	9606.ENSP00000442736	0	0	0	0.874	0.087	0	0.900	0.113	0.912
PLXNB2	SEMA4B	9606.ENSP00000352288	9606.ENSP00000394720	0	0	0	0.552	0.072	0.186	0.900	0.593	0.965
PLXNB2	SEMA4A	9606.ENSP00000352288	9606.ENSP00000357265	0	0	0	0.557	0.068	0.459	0.900	0.615	0.978
PLXNB2	SEMA4D	9606.ENSP00000352288	9606.ENSP00000416523	0	0	0	0	0.044	0.427	0.900	0.998	0.999
PLXNB3	SEMA3F	9606.ENSP00000442736	9606.ENSP00000002829	0	0	0	0	0.092	0.186	0	0.500	0.598
PLXNB3	SEMA4G	9606.ENSP00000442736	9606.ENSP00000210633	0	0	0	0.549	0.072	0.225	0.900	0.258	0.939
PLXNB3	SEMA3G	9606.ENSP00000442736	9606.ENSP00000231721	0	0	0	0	0.083	0.186	0	0.377	0.494
PLXNB3	RRAS	9606.ENSP00000442736	9606.ENSP00000246792	0	0	0	0	0.072	0.132	0.900	0.313	0.937
PLXNB3	SEMA6A	9606.ENSP00000442736	9606.ENSP00000257414	0	0	0	0.548	0	0.225	0	0.546	0.633
PLXNB3	PLXNC1	9606.ENSP00000442736	9606.ENSP00000258526	0	0	0	0.646	0	0	0.540	0.241	0.635
PLXNB3	SEMA7A	9606.ENSP00000442736	9606.ENSP00000261918	0	0	0	0	0.086	0.186	0	0.470	0.571
PLXNB3	SEMA3C	9606.ENSP00000442736	9606.ENSP00000265361	0	0	0	0	0.064	0.186	0	0.580	0.652
PLXNB3	SEMA3A	9606.ENSP00000442736	9606.ENSP00000265362	0	0	0	0	0	0.191	0	0.432	0.521
PLXNB3	NRP1	9606.ENSP00000442736	9606.ENSP00000265371	0	0	0	0	0	0.144	0.540	0.231	0.670
PLXNB3	SEMA3D	9606.ENSP00000442736	9606.ENSP00000284136	0	0	0	0	0	0.186	0	0.350	0.448
PLXNB3	SEMA4C	9606.ENSP00000442736	9606.ENSP00000306844	0	0	0	0.553	0.068	0.225	0.900	0.397	0.950
PLXNB3	RND1	9606.ENSP00000442736	9606.ENSP00000308461	0	0	0	0	0	0.113	0.900	0.324	0.934
PLXNB3	PLXND1	9606.ENSP00000442736	9606.ENSP00000317128	0	0	0	0.810	0.074	0	0.540	0.437	0.739
PLXNB3	SEMA6D	9606.ENSP00000442736	9606.ENSP00000324857	0	0	0	0	0	0.225	0	0.414	0.526
PLXNB3	SEMA4F	9606.ENSP00000442736	9606.ENSP00000350547	0	0	0	0	0.050	0.225	0.900	0.403	0.950
PLXNB3	PLXNB1	9606.ENSP00000442736	9606.ENSP00000351338	0	0	0.052	0.929	0.106	0	0.900	0.287	0.931
PLXNB3	PLXNB2	9606.ENSP00000442736	9606.ENSP00000352288	0	0	0	0.874	0.087	0	0.900	0.113	0.912
PLXNB3	PLXNA4	9606.ENSP00000442736	9606.ENSP00000352882	0	0	0	0.806	0.080	0	0.540	0.151	0.609
PLXNB3	NRP2	9606.ENSP00000442736	9606.ENSP00000353582	0	0	0	0	0.050	0.051	0.540	0.326	0.683
PLXNB3	PLXNA2	9606.ENSP00000442736	9606.ENSP00000356000	0	0	0	0.814	0.083	0	0.540	0.142	0.606
PLXNB3	SEMA4A	9606.ENSP00000442736	9606.ENSP00000357265	0	0	0	0.553	0	0.459	0.900	0.532	0.972
PLXNB3	SEMA6C	9606.ENSP00000442736	9606.ENSP00000357909	0	0	0	0	0.086	0.225	0	0.320	0.476
PLXNB3	PLXNA3	9606.ENSP00000442736	9606.ENSP00000358696	0	0	0.100	0.799	0.097	0	0.540	0.158	0.643
PLXNB3	L1CAM	9606.ENSP00000442736	9606.ENSP00000359077	0	0	0	0	0.110	0.071	0	0.644	0.680
PLXNB3	SEMA5A	9606.ENSP00000442736	9606.ENSP00000371936	0	0	0	0.549	0.042	0.225	0.900	0.988	0.999
PLXNB3	PLXNA1	9606.ENSP00000442736	9606.ENSP00000377061	0	0	0	0.810	0.086	0	0.540	0.152	0.612
PLXNB3	SEMA5B	9606.ENSP00000442736	9606.ENSP00000389588	0	0	0	0.548	0.042	0.225	0	0.642	0.711
PLXNB3	SEMA4B	9606.ENSP00000442736	9606.ENSP00000394720	0	0	0	0.551	0.060	0.186	0.900	0.243	0.934
PLXNB3	SEMA4D	9606.ENSP00000442736	9606.ENSP00000416523	0	0	0	0	0.042	0.468	0.900	0.845	0.991
PLXNB3	PGF	9606.ENSP00000442736	9606.ENSP00000451040	0	0	0	0	0.043	0	0	0.421	0.422
PLXNB3	SEMA6B	9606.ENSP00000442736	9606.ENSP00000467290	0	0	0	0.549	0.059	0.225	0	0.303	0.448
PLXNB3	SEMA3E	9606.ENSP00000442736	9606.ENSP00000496491	0	0	0	0	0	0.186	0	0.471	0.551
PLXNB3	SEMA3B	9606.ENSP00000442736	9606.ENSP00000480680	0	0	0	0	0.124	0.191	0	0.728	0.790
PLXNC1	SEMA3F	9606.ENSP00000258526	9606.ENSP00000002829	0	0	0	0	0	0.186	0	0.568	0.633
PLXNC1	SEMA4G	9606.ENSP00000258526	9606.ENSP00000210633	0	0	0	0.550	0	0.225	0	0.515	0.608
PLXNC1	RRAS	9606.ENSP00000258526	9606.ENSP00000246792	0	0	0	0	0	0.132	0	0.471	0.521
PLXNC1	SEMA6A	9606.ENSP00000258526	9606.ENSP00000257414	0	0	0	0	0	0.225	0	0.769	0.813
PLXNC1	SEMA4A	9606.ENSP00000258526	9606.ENSP00000357265	0	0	0	0.551	0.085	0.186	0	0.283	0.419
PLXNC1	RND1	9606.ENSP00000258526	9606.ENSP00000308461	0	0	0	0	0	0.113	0	0.375	0.422
PLXNC1	SEMA3D	9606.ENSP00000258526	9606.ENSP00000284136	0	0	0	0	0	0.186	0	0.395	0.486
PLXNC1	SEMA6B	9606.ENSP00000258526	9606.ENSP00000467290	0	0	0	0	0	0.225	0	0.378	0.497
PLXNC1	SEMA3C	9606.ENSP00000258526	9606.ENSP00000265361	0	0	0	0	0.060	0.186	0	0.438	0.532
PLXNC1	SEMA6D	9606.ENSP00000258526	9606.ENSP00000324857	0	0	0	0	0.044	0.225	0	0.486	0.586
PLXNC1	SEMA5A	9606.ENSP00000258526	9606.ENSP00000371936	0	0	0	0	0	0.225	0	0.516	0.609
PLXNC1	SEMA4C	9606.ENSP00000258526	9606.ENSP00000306844	0	0	0	0.551	0	0.225	0	0.522	0.614
PLXNC1	PLXND1	9606.ENSP00000258526	9606.ENSP00000317128	0	0	0	0.733	0	0	0.540	0.197	0.614
PLXNC1	PLXNB2	9606.ENSP00000258526	9606.ENSP00000352288	0	0	0	0.650	0.042	0	0.540	0.230	0.631
PLXNC1	PLXNB3	9606.ENSP00000258526	9606.ENSP00000442736	0	0	0	0.646	0	0	0.540	0.241	0.635
PLXNC1	PLXNA2	9606.ENSP00000258526	9606.ENSP00000356000	0	0	0	0.656	0	0	0.540	0.264	0.647
PLXNC1	PLXNB1	9606.ENSP00000258526	9606.ENSP00000351338	0	0	0	0.654	0	0	0.540	0.268	0.648
PLXNC1	PLXNA4	9606.ENSP00000258526	9606.ENSP00000352882	0	0	0	0.658	0	0	0.540	0.269	0.649
PLXNC1	PLXNA3	9606.ENSP00000258526	9606.ENSP00000358696	0	0	0	0.647	0	0	0.540	0.271	0.650
PLXNC1	PLXNA1	9606.ENSP00000258526	9606.ENSP00000377061	0	0	0	0.661	0	0	0.540	0.284	0.656
PLXNC1	SEMA3A	9606.ENSP00000258526	9606.ENSP00000265362	0	0	0	0	0	0.191	0	0.598	0.661
PLXNC1	SEMA6C	9606.ENSP00000258526	9606.ENSP00000357909	0	0	0	0	0	0.225	0	0.621	0.694
PLXNC1	SEMA3E	9606.ENSP00000258526	9606.ENSP00000496491	0	0	0	0	0.042	0.186	0	0.719	0.761
PLXNC1	SEMA3B	9606.ENSP00000258526	9606.ENSP00000480680	0	0	0	0	0	0.191	0	0.786	0.820
PLXNC1	NRP1	9606.ENSP00000258526	9606.ENSP00000265371	0	0	0	0	0.044	0.184	0.540	0.692	0.874
PLXNC1	SEMA4D	9606.ENSP00000258526	9606.ENSP00000416523	0	0	0	0	0.063	0.308	0	0.848	0.892
PLXNC1	NRP2	9606.ENSP00000258526	9606.ENSP00000353582	0	0	0	0	0.064	0.053	0.540	0.784	0.900
PLXNC1	SEMA7A	9606.ENSP00000258526	9606.ENSP00000261918	0	0	0	0	0	0.954	0.900	0.999	0.999
PLXND1	SEMA3F	9606.ENSP00000317128	9606.ENSP00000002829	0	0	0	0	0.074	0.186	0	0.673	0.732
PLXND1	NTN1	9606.ENSP00000317128	9606.ENSP00000173229	0	0	0	0	0.060	0	0	0.409	0.420
PLXND1	SEMA4G	9606.ENSP00000317128	9606.ENSP00000210633	0	0	0	0	0	0.225	0	0.447	0.553
PLXND1	SEMA3G	9606.ENSP00000317128	9606.ENSP00000231721	0	0	0	0	0.073	0.186	0	0.595	0.667
PLXND1	RRAS	9606.ENSP00000317128	9606.ENSP00000246792	0	0	0	0	0.086	0.132	0	0.494	0.563
PLXND1	SEMA6A	9606.ENSP00000317128	9606.ENSP00000257414	0	0	0	0	0	0.225	0	0.771	0.815
PLXND1	PLXNC1	9606.ENSP00000317128	9606.ENSP00000258526	0	0	0	0.733	0	0	0.540	0.197	0.614
PLXND1	SEMA7A	9606.ENSP00000317128	9606.ENSP00000261918	0	0	0	0	0.061	0.186	0	0.585	0.655
PLXND1	SEMA3C	9606.ENSP00000317128	9606.ENSP00000265361	0	0	0	0	0.043	0.186	0	0.986	0.988
PLXND1	SEMA3A	9606.ENSP00000317128	9606.ENSP00000265362	0	0	0	0	0	0.191	0	0.935	0.945
PLXND1	NRP1	9606.ENSP00000317128	9606.ENSP00000265371	0	0	0	0	0.065	0.397	0.540	0.949	0.985
PLXND1	SEMA3D	9606.ENSP00000317128	9606.ENSP00000284136	0	0	0	0	0	0.186	0	0.768	0.803
PLXND1	SEMA4C	9606.ENSP00000317128	9606.ENSP00000306844	0	0	0	0.549	0.081	0.225	0	0.675	0.748
PLXND1	RND1	9606.ENSP00000317128	9606.ENSP00000308461	0	0	0	0	0	0.113	0	0.412	0.456
PLXND1	EFNB2	9606.ENSP00000317128	9606.ENSP00000493716	0	0	0	0	0.140	0	0	0.352	0.419
PLXND1	NRCAM	9606.ENSP00000317128	9606.ENSP00000368314	0	0	0	0	0.042	0.071	0	0.452	0.470
PLXND1	SEMA4F	9606.ENSP00000317128	9606.ENSP00000350547	0	0	0	0	0	0.225	0	0.344	0.470
PLXND1	SEMA5B	9606.ENSP00000317128	9606.ENSP00000389588	0	0	0	0	0.044	0.225	0	0.356	0.481
PLXND1	L1CAM	9606.ENSP00000317128	9606.ENSP00000359077	0	0	0	0	0	0.071	0	0.566	0.579
PLXND1	SEMA6D	9606.ENSP00000317128	9606.ENSP00000324857	0	0	0	0	0	0.225	0	0.486	0.584
PLXND1	SEMA5A	9606.ENSP00000317128	9606.ENSP00000371936	0	0	0	0	0.042	0.225	0	0.513	0.606
PLXND1	SLIT3	9606.ENSP00000317128	9606.ENSP00000332164	0	0	0	0	0.062	0	0	0.604	0.613
PLXND1	PLXNA3	9606.ENSP00000317128	9606.ENSP00000358696	0	0	0	0.786	0.042	0.072	0.540	0.172	0.616
PLXND1	PLXNA2	9606.ENSP00000317128	9606.ENSP00000356000	0	0	0	0.792	0.058	0.070	0.540	0.172	0.621
PLXND1	SEMA6B	9606.ENSP00000317128	9606.ENSP00000467290	0	0	0	0	0.056	0.225	0	0.570	0.658
PLXND1	SEMA3B	9606.ENSP00000317128	9606.ENSP00000480680	0	0	0	0	0.059	0.191	0	0.685	0.739
PLXND1	PLXNB3	9606.ENSP00000317128	9606.ENSP00000442736	0	0	0	0.810	0.074	0	0.540	0.437	0.739
PLXND1	PLXNB1	9606.ENSP00000317128	9606.ENSP00000351338	0	0	0	0.797	0.049	0	0.540	0.461	0.743
PLXND1	PLXNB2	9606.ENSP00000317128	9606.ENSP00000352288	0	0	0	0.809	0.097	0	0.540	0.443	0.748
PLXND1	SEMA6C	9606.ENSP00000317128	9606.ENSP00000357909	0	0	0	0	0.064	0.225	0	0.682	0.749
PLXND1	PLXNA4	9606.ENSP00000317128	9606.ENSP00000352882	0	0	0	0.790	0.056	0.070	0.540	0.460	0.752
PLXND1	PLXNA1	9606.ENSP00000317128	9606.ENSP00000377061	0	0	0	0.784	0.074	0.072	0.540	0.539	0.793
PLXND1	SEMA4D	9606.ENSP00000317128	9606.ENSP00000416523	0	0	0	0	0.042	0.308	0	0.745	0.816
PLXND1	NRP2	9606.ENSP00000317128	9606.ENSP00000353582	0	0	0	0	0.056	0.053	0.540	0.879	0.943
PLXND1	SEMA4A	9606.ENSP00000317128	9606.ENSP00000357265	0	0	0	0	0	0.494	0.900	0.936	0.996
PLXND1	SEMA3E	9606.ENSP00000317128	9606.ENSP00000496491	0	0	0	0	0	0.494	0.900	0.999	0.999
RHOD	RND1	9606.ENSP00000308576	9606.ENSP00000308461	0	0	0.070	0.888	0.044	0	0.900	0.425	0.942
RHOD	AKAP12	9606.ENSP00000308576	9606.ENSP00000384537	0	0	0	0	0	0.142	0.500	0.044	0.554
RHOD	PLXNA3	9606.ENSP00000308576	9606.ENSP00000358696	0	0	0	0	0.058	0.113	0.900	0.090	0.913
RHOD	PLXNA2	9606.ENSP00000308576	9606.ENSP00000356000	0	0	0	0	0	0.113	0.900	0.146	0.917
RHOD	PLXNA4	9606.ENSP00000308576	9606.ENSP00000352882	0	0	0	0	0	0.113	0.900	0.200	0.922
RHOD	PLXNB1	9606.ENSP00000308576	9606.ENSP00000351338	0	0	0	0	0.076	0.345	0.500	0.874	0.957
RHOD	PLXNB2	9606.ENSP00000308576	9606.ENSP00000352288	0	0	0	0	0.067	0.945	0	0.254	0.959
RHOD	PLXNA1	9606.ENSP00000308576	9606.ENSP00000377061	0	0	0	0	0.067	0.409	0.900	0.573	0.973
RND1	RRAS	9606.ENSP00000308461	9606.ENSP00000246792	0	0	0	0	0.059	0.095	0.500	0.885	0.944
RND1	SEMA6A	9606.ENSP00000308461	9606.ENSP00000257414	0	0	0	0	0	0.058	0	0.567	0.575
RND1	PLXNC1	9606.ENSP00000308461	9606.ENSP00000258526	0	0	0	0	0	0.113	0	0.375	0.422
RND1	FARP2	9606.ENSP00000308461	9606.ENSP00000264042	0	0	0	0	0	0	0	0.491	0.491
RND1	SEMA3A	9606.ENSP00000308461	9606.ENSP00000265362	0	0	0	0	0	0.057	0.500	0.584	0.786
RND1	NRP1	9606.ENSP00000308461	9606.ENSP00000265371	0	0	0	0	0	0	0.500	0.161	0.562
RND1	PLXND1	9606.ENSP00000308461	9606.ENSP00000317128	0	0	0	0	0	0.113	0	0.412	0.456
RND1	FES	9606.ENSP00000308461	9606.ENSP00000331504	0	0	0	0	0.076	0.110	0.500	0.280	0.665
RND1	PLXNB3	9606.ENSP00000308461	9606.ENSP00000442736	0	0	0	0	0	0.113	0.900	0.324	0.934
RND1	PLXNA3	9606.ENSP00000308461	9606.ENSP00000358696	0	0	0	0	0	0.113	0.900	0.370	0.939
RND1	RHOD	9606.ENSP00000308461	9606.ENSP00000308576	0	0	0.070	0.888	0.044	0	0.900	0.425	0.942
RND1	SEMA4D	9606.ENSP00000308461	9606.ENSP00000416523	0	0	0	0	0	0.045	0.500	0.920	0.958
RND1	PLXNA4	9606.ENSP00000308461	9606.ENSP00000352882	0	0	0	0	0	0.113	0.900	0.570	0.958
RND1	PLXNB2	9606.ENSP00000308461	9606.ENSP00000352288	0	0	0	0	0	0.631	0.900	0.438	0.977
RND1	PLXNA1	9606.ENSP00000308461	9606.ENSP00000377061	0	0	0	0	0	0.223	0.900	0.885	0.990
RND1	PLXNA2	9606.ENSP00000308461	9606.ENSP00000356000	0	0	0	0	0	0.907	0.900	0.579	0.995
RND1	PLXNB1	9606.ENSP00000308461	9606.ENSP00000351338	0	0	0	0	0.044	0.980	0.900	0.990	0.999
RRAS	SEMA3F	9606.ENSP00000246792	9606.ENSP00000002829	0	0	0	0	0.099	0.045	0	0.377	0.417
RRAS	SEMA3B	9606.ENSP00000246792	9606.ENSP00000480680	0	0	0	0	0.072	0.045	0	0.379	0.401
RRAS	SEMA3E	9606.ENSP00000246792	9606.ENSP00000496491	0	0	0	0	0	0.045	0	0.514	0.516
RRAS	PLXNC1	9606.ENSP00000246792	9606.ENSP00000258526	0	0	0	0	0	0.132	0	0.471	0.521
RRAS	PLXND1	9606.ENSP00000246792	9606.ENSP00000317128	0	0	0	0	0.086	0.132	0	0.494	0.563
RRAS	SEMA6A	9606.ENSP00000246792	9606.ENSP00000257414	0	0	0	0	0.051	0.045	0	0.572	0.578
RRAS	NRP1	9606.ENSP00000246792	9606.ENSP00000265371	0	0	0	0	0.060	0	0.500	0.221	0.602
RRAS	FES	9606.ENSP00000246792	9606.ENSP00000331504	0	0	0	0	0.094	0.110	0.500	0.161	0.616
RRAS	SEMA3A	9606.ENSP00000246792	9606.ENSP00000265362	0	0	0	0	0	0.045	0.500	0.417	0.697
RRAS	PLXNA4	9606.ENSP00000246792	9606.ENSP00000352882	0	0	0	0	0	0.132	0.500	0.439	0.735
RRAS	PLXNA3	9606.ENSP00000246792	9606.ENSP00000358696	0	0	0	0	0.055	0.132	0.500	0.449	0.743
RRAS	PLXNA2	9606.ENSP00000246792	9606.ENSP00000356000	0	0	0	0	0	0.132	0.500	0.459	0.745
RRAS	PLXNA1	9606.ENSP00000246792	9606.ENSP00000377061	0	0	0	0	0.066	0.132	0.500	0.562	0.798
RRAS	SEMA4D	9606.ENSP00000246792	9606.ENSP00000416523	0	0	0	0	0.042	0.045	0.500	0.849	0.922
RRAS	PLXNB3	9606.ENSP00000246792	9606.ENSP00000442736	0	0	0	0	0.072	0.132	0.900	0.313	0.937
RRAS	RND1	9606.ENSP00000246792	9606.ENSP00000308461	0	0	0	0	0.059	0.095	0.500	0.885	0.944
RRAS	PLXNB2	9606.ENSP00000246792	9606.ENSP00000352288	0	0	0	0	0.103	0.132	0.900	0.651	0.969
RRAS	PLXNB1	9606.ENSP00000246792	9606.ENSP00000351338	0	0	0	0	0.045	0.132	0.900	0.926	0.993
SEMA3A	SEMA3F	9606.ENSP00000265362	9606.ENSP00000002829	0	0	0.059	0.935	0	0	0	0.516	0.525
SEMA3A	NTN1	9606.ENSP00000265362	9606.ENSP00000173229	0	0	0	0	0.047	0	0	0.736	0.738
SEMA3A	SEMA3G	9606.ENSP00000265362	9606.ENSP00000231721	0	0	0.054	0.929	0	0	0	0.400	0.408
SEMA3A	RRAS	9606.ENSP00000265362	9606.ENSP00000246792	0	0	0	0	0	0.045	0.500	0.417	0.697
SEMA3A	PLXNC1	9606.ENSP00000265362	9606.ENSP00000258526	0	0	0	0	0	0.191	0	0.598	0.661
SEMA3A	FARP2	9606.ENSP00000265362	9606.ENSP00000264042	0	0	0	0	0	0	0.500	0.670	0.827
SEMA3A	CLEC4C	9606.ENSP00000265362	9606.ENSP00000440428	0	0	0	0	0	0	0	0.424	0.424
SEMA3A	SEMA5A	9606.ENSP00000265362	9606.ENSP00000371936	0	0	0	0.701	0.058	0	0	0.485	0.494
SEMA3A	MICAL1	9606.ENSP00000265362	9606.ENSP00000486901	0	0	0	0	0	0	0	0.495	0.495
SEMA3A	SEMA5B	9606.ENSP00000265362	9606.ENSP00000389588	0	0	0	0.724	0	0	0	0.505	0.505
SEMA3A	PGF	9606.ENSP00000265362	9606.ENSP00000451040	0	0	0	0	0	0	0	0.518	0.518
SEMA3A	PLXNB3	9606.ENSP00000265362	9606.ENSP00000442736	0	0	0	0	0	0.191	0	0.432	0.521
SEMA3A	PLXNB2	9606.ENSP00000265362	9606.ENSP00000352288	0	0	0	0	0	0.191	0	0.484	0.564
SEMA3A	FES	9606.ENSP00000265362	9606.ENSP00000331504	0	0	0	0	0	0.054	0.500	0.348	0.664
SEMA3A	EFNB2	9606.ENSP00000265362	9606.ENSP00000493716	0	0	0	0	0.072	0	0	0.662	0.673
SEMA3A	NRCAM	9606.ENSP00000265362	9606.ENSP00000368314	0	0	0	0	0.068	0.084	0	0.647	0.673
SEMA3A	SLIT3	9606.ENSP00000265362	9606.ENSP00000332164	0	0	0	0	0.055	0	0	0.767	0.771
SEMA3A	RND1	9606.ENSP00000265362	9606.ENSP00000308461	0	0	0	0	0	0.057	0.500	0.584	0.786
SEMA3A	L1CAM	9606.ENSP00000265362	9606.ENSP00000359077	0	0	0	0	0.045	0.084	0	0.780	0.790
SEMA3A	PLXNB1	9606.ENSP00000265362	9606.ENSP00000351338	0	0	0	0	0	0.191	0	0.813	0.842
SEMA3A	PLXND1	9606.ENSP00000265362	9606.ENSP00000317128	0	0	0	0	0	0.191	0	0.935	0.945
SEMA3A	NRP2	9606.ENSP00000265362	9606.ENSP00000353582	0	0	0	0	0.086	0.095	0	0.996	0.996
SEMA3A	PLXNA2	9606.ENSP00000265362	9606.ENSP00000356000	0	0	0	0	0	0.797	0.500	0.998	0.999
SEMA3A	PLXNA3	9606.ENSP00000265362	9606.ENSP00000358696	0	0	0	0	0	0.335	0.500	0.999	0.999
SEMA3A	PLXNA4	9606.ENSP00000265362	9606.ENSP00000352882	0	0	0	0	0.044	0.839	0.500	0.999	0.999
SEMA3A	PLXNA1	9606.ENSP00000265362	9606.ENSP00000377061	0	0	0	0	0.062	0.335	0.500	0.999	0.999
SEMA3A	NRP1	9606.ENSP00000265362	9606.ENSP00000265371	0	0	0	0	0.074	0.920	0.900	0.999	0.999
SEMA3B	NTN1	9606.ENSP00000480680	9606.ENSP00000173229	0	0	0	0	0.044	0	0	0.452	0.454
SEMA3B	RRAS	9606.ENSP00000480680	9606.ENSP00000246792	0	0	0	0	0.072	0.045	0	0.379	0.401
SEMA3B	PLXNC1	9606.ENSP00000480680	9606.ENSP00000258526	0	0	0	0	0	0.191	0	0.786	0.820
SEMA3B	CD72	9606.ENSP00000480680	9606.ENSP00000259633	0	0	0	0	0	0	0	0.519	0.519
SEMA3B	NRP1	9606.ENSP00000480680	9606.ENSP00000265371	0	0	0	0	0.042	0.487	0.900	0.992	0.999
SEMA3B	PLXND1	9606.ENSP00000480680	9606.ENSP00000317128	0	0	0	0	0.059	0.191	0	0.685	0.739
SEMA3B	SLIT3	9606.ENSP00000480680	9606.ENSP00000332164	0	0	0	0	0.068	0	0	0.431	0.447
SEMA3B	PLXNB1	9606.ENSP00000480680	9606.ENSP00000351338	0	0	0	0	0.121	0.191	0	0.811	0.854
SEMA3B	PLXNB2	9606.ENSP00000480680	9606.ENSP00000352288	0	0	0	0.552	0.082	0.191	0	0.298	0.433
SEMA3B	PLXNA4	9606.ENSP00000480680	9606.ENSP00000352882	0	0	0	0	0	0.273	0	0.848	0.885
SEMA3B	NRP2	9606.ENSP00000480680	9606.ENSP00000353582	0	0	0	0	0	0.095	0	0.973	0.974
SEMA3B	PLXNA2	9606.ENSP00000480680	9606.ENSP00000356000	0	0	0	0	0.063	0.273	0	0.815	0.862
SEMA3B	PLXNA3	9606.ENSP00000480680	9606.ENSP00000358696	0	0	0	0	0.048	0.273	0	0.956	0.966
SEMA3B	L1CAM	9606.ENSP00000480680	9606.ENSP00000359077	0	0	0	0	0.089	0.084	0	0.381	0.439
SEMA3B	NRCAM	9606.ENSP00000480680	9606.ENSP00000368314	0	0	0	0	0.045	0.084	0	0.682	0.697
SEMA3B	PLXNA1	9606.ENSP00000480680	9606.ENSP00000377061	0	0	0	0.550	0.067	0.273	0	0.806	0.857
SEMA3B	PLXNB3	9606.ENSP00000480680	9606.ENSP00000442736	0	0	0	0	0.124	0.191	0	0.728	0.790
SEMA3C	SEMA3F	9606.ENSP00000265361	9606.ENSP00000002829	0	0	0.060	0.952	0.074	0.551	0	0.084	0.594
SEMA3C	NTN1	9606.ENSP00000265361	9606.ENSP00000173229	0	0	0	0	0	0	0	0.635	0.635
SEMA3C	PLXNC1	9606.ENSP00000265361	9606.ENSP00000258526	0	0	0	0	0.060	0.186	0	0.438	0.532
SEMA3C	L1CAM	9606.ENSP00000265361	9606.ENSP00000359077	0	0	0	0	0.066	0.071	0	0.391	0.426
SEMA3C	SLIT3	9606.ENSP00000265361	9606.ENSP00000332164	0	0	0	0	0.060	0	0	0.494	0.504
SEMA3C	EFNB2	9606.ENSP00000265361	9606.ENSP00000493716	0	0	0	0	0.116	0	0	0.510	0.548
SEMA3C	SEMA3D	9606.ENSP00000265361	9606.ENSP00000284136	0	0	0.068	0.927	0.049	0.551	0	0.089	0.589
SEMA3C	PLXNB3	9606.ENSP00000265361	9606.ENSP00000442736	0	0	0	0	0.064	0.186	0	0.580	0.652
SEMA3C	PLXNB1	9606.ENSP00000265361	9606.ENSP00000351338	0	0	0	0	0.042	0.186	0	0.595	0.657
SEMA3C	PLXNB2	9606.ENSP00000265361	9606.ENSP00000352288	0	0	0	0	0.062	0.186	0	0.629	0.692
SEMA3C	PLXNA4	9606.ENSP00000265361	9606.ENSP00000352882	0	0	0	0	0	0.186	0	0.759	0.795
SEMA3C	PLXNA3	9606.ENSP00000265361	9606.ENSP00000358696	0	0	0	0	0	0.186	0	0.870	0.889
SEMA3C	PLXNA2	9606.ENSP00000265361	9606.ENSP00000356000	0	0	0	0.551	0.059	0.186	0	0.954	0.961
SEMA3C	PLXNA1	9606.ENSP00000265361	9606.ENSP00000377061	0	0	0	0	0.067	0.186	0	0.957	0.965
SEMA3C	PLXND1	9606.ENSP00000265361	9606.ENSP00000317128	0	0	0	0	0.043	0.186	0	0.986	0.988
SEMA3C	NRP2	9606.ENSP00000265361	9606.ENSP00000353582	0	0	0	0	0.047	0.095	0	0.992	0.992
SEMA3C	NRP1	9606.ENSP00000265361	9606.ENSP00000265371	0	0	0.253	0	0.100	0.097	0.900	0.979	0.998
SEMA3D	PLXNC1	9606.ENSP00000284136	9606.ENSP00000258526	0	0	0	0	0	0.186	0	0.395	0.486
SEMA3D	SEMA3C	9606.ENSP00000284136	9606.ENSP00000265361	0	0	0.068	0.927	0.049	0.551	0	0.089	0.589
SEMA3D	NRP1	9606.ENSP00000284136	9606.ENSP00000265371	0	0	0	0	0.042	0.097	0.900	0.986	0.998
SEMA3D	L1CAM	9606.ENSP00000284136	9606.ENSP00000359077	0	0	0	0	0.045	0.071	0	0.389	0.410
SEMA3D	PLXNA2	9606.ENSP00000284136	9606.ENSP00000356000	0	0	0	0.550	0	0.186	0	0.316	0.419
SEMA3D	SLIT3	9606.ENSP00000284136	9606.ENSP00000332164	0	0	0	0	0.067	0	0	0.422	0.438
SEMA3D	PLXNB3	9606.ENSP00000284136	9606.ENSP00000442736	0	0	0	0	0	0.186	0	0.350	0.448
SEMA3D	PLXNB1	9606.ENSP00000284136	9606.ENSP00000351338	0	0	0	0	0	0.186	0	0.405	0.495
SEMA3D	PLXNA4	9606.ENSP00000284136	9606.ENSP00000352882	0	0	0	0	0.049	0.186	0	0.561	0.630
SEMA3D	NRP2	9606.ENSP00000284136	9606.ENSP00000353582	0	0	0	0	0.049	0.045	0	0.739	0.742
SEMA3D	PLXNA1	9606.ENSP00000284136	9606.ENSP00000377061	0	0	0	0	0	0.186	0	0.737	0.777
SEMA3D	PLXND1	9606.ENSP00000284136	9606.ENSP00000317128	0	0	0	0	0	0.186	0	0.768	0.803
SEMA3D	PLXNA3	9606.ENSP00000284136	9606.ENSP00000358696	0	0	0	0	0	0.186	0	0.812	0.841
SEMA3E	NTN1	9606.ENSP00000496491	9606.ENSP00000173229	0	0	0	0	0	0	0	0.547	0.547
SEMA3E	RRAS	9606.ENSP00000496491	9606.ENSP00000246792	0	0	0	0	0	0.045	0	0.514	0.516
SEMA3E	SEMA6A	9606.ENSP00000496491	9606.ENSP00000257414	0	0	0	0.715	0	0	0	0.525	0.525
SEMA3E	PLXNC1	9606.ENSP00000496491	9606.ENSP00000258526	0	0	0	0	0.042	0.186	0	0.719	0.761
SEMA3E	NRP1	9606.ENSP00000496491	9606.ENSP00000265371	0	0	0	0	0	0.097	0.900	0.968	0.996
SEMA3E	PLXND1	9606.ENSP00000496491	9606.ENSP00000317128	0	0	0	0	0	0.494	0.900	0.999	0.999
SEMA3E	SLIT3	9606.ENSP00000496491	9606.ENSP00000332164	0	0	0	0	0.044	0	0	0.556	0.557
SEMA3E	PLXNB1	9606.ENSP00000496491	9606.ENSP00000351338	0	0	0	0	0	0.186	0	0.598	0.659
SEMA3E	PLXNB2	9606.ENSP00000496491	9606.ENSP00000352288	0	0	0	0	0	0.186	0	0.457	0.539
SEMA3E	PLXNA4	9606.ENSP00000496491	9606.ENSP00000352882	0	0	0	0	0.049	0.186	0	0.785	0.819
SEMA3E	NRP2	9606.ENSP00000496491	9606.ENSP00000353582	0	0	0	0	0	0.095	0	0.894	0.900
SEMA3E	PLXNA2	9606.ENSP00000496491	9606.ENSP00000356000	0	0	0	0	0	0.186	0	0.755	0.792
SEMA3E	PLXNA3	9606.ENSP00000496491	9606.ENSP00000358696	0	0	0	0	0	0.186	0	0.857	0.879
SEMA3E	L1CAM	9606.ENSP00000496491	9606.ENSP00000359077	0	0	0	0	0.098	0.071	0	0.413	0.466
SEMA3E	PLXNA1	9606.ENSP00000496491	9606.ENSP00000377061	0	0	0	0	0	0.186	0	0.793	0.824
SEMA3E	SEMA5B	9606.ENSP00000496491	9606.ENSP00000389588	0	0	0	0.695	0	0	0	0.450	0.450
SEMA3E	PLXNB3	9606.ENSP00000496491	9606.ENSP00000442736	0	0	0	0	0	0.186	0	0.471	0.551
SEMA3F	L1CAM	9606.ENSP00000002829	9606.ENSP00000359077	0	0	0	0	0.085	0.071	0	0.354	0.404
SEMA3F	RRAS	9606.ENSP00000002829	9606.ENSP00000246792	0	0	0	0	0.099	0.045	0	0.377	0.417
SEMA3F	EFNB2	9606.ENSP00000002829	9606.ENSP00000493716	0	0	0	0	0.086	0	0	0.451	0.477
SEMA3F	CLEC4C	9606.ENSP00000002829	9606.ENSP00000440428	0	0	0	0	0	0	0	0.490	0.489
SEMA3F	PGF	9606.ENSP00000002829	9606.ENSP00000451040	0	0	0	0	0.085	0	0	0.466	0.490
SEMA3F	CD72	9606.ENSP00000002829	9606.ENSP00000259633	0	0	0	0	0	0	0	0.510	0.510
SEMA3F	SEMA3A	9606.ENSP00000002829	9606.ENSP00000265362	0	0	0.059	0.935	0	0	0	0.516	0.525
SEMA3F	SLIT3	9606.ENSP00000002829	9606.ENSP00000332164	0	0	0	0	0.044	0	0	0.536	0.538
SEMA3F	NTN1	9606.ENSP00000002829	9606.ENSP00000173229	0	0	0	0	0.067	0	0	0.563	0.575
SEMA3F	PLXNB2	9606.ENSP00000002829	9606.ENSP00000352288	0	0	0	0	0.095	0.186	0	0.493	0.594
SEMA3F	SEMA3C	9606.ENSP00000002829	9606.ENSP00000265361	0	0	0.060	0.952	0.074	0.551	0	0.084	0.594
SEMA3F	PLXNB3	9606.ENSP00000002829	9606.ENSP00000442736	0	0	0	0	0.092	0.186	0	0.500	0.598
SEMA3F	PLXNC1	9606.ENSP00000002829	9606.ENSP00000258526	0	0	0	0	0	0.186	0	0.568	0.633
SEMA3F	PLXNA2	9606.ENSP00000002829	9606.ENSP00000356000	0	0	0	0.551	0.067	0.186	0	0.625	0.690
SEMA3F	PLXNB1	9606.ENSP00000002829	9606.ENSP00000351338	0	0	0	0	0.147	0.186	0	0.601	0.699
SEMA3F	PLXND1	9606.ENSP00000002829	9606.ENSP00000317128	0	0	0	0	0.074	0.186	0	0.673	0.732
SEMA3F	NRCAM	9606.ENSP00000002829	9606.ENSP00000368314	0	0	0	0	0.045	0.071	0	0.741	0.750
SEMA3F	PLXNA4	9606.ENSP00000002829	9606.ENSP00000352882	0	0	0	0.550	0	0.186	0	0.814	0.842
SEMA3F	PLXNA1	9606.ENSP00000002829	9606.ENSP00000377061	0	0	0	0	0.099	0.186	0	0.990	0.992
SEMA3F	NRP1	9606.ENSP00000002829	9606.ENSP00000265371	0	0	0	0	0.042	0.097	0.900	0.993	0.999
SEMA3F	NRP2	9606.ENSP00000002829	9606.ENSP00000353582	0	0	0	0	0	0.301	0	0.999	0.999
SEMA3F	PLXNA3	9606.ENSP00000002829	9606.ENSP00000358696	0	0	0	0	0.056	0.186	0	0.999	0.999
SEMA3G	PLXNA2	9606.ENSP00000231721	9606.ENSP00000356000	0	0	0	0.550	0.059	0.186	0	0.284	0.404
SEMA3G	SEMA3A	9606.ENSP00000231721	9606.ENSP00000265362	0	0	0.054	0.929	0	0	0	0.400	0.408
SEMA3G	PLXNB3	9606.ENSP00000231721	9606.ENSP00000442736	0	0	0	0	0.083	0.186	0	0.377	0.494
SEMA3G	PLXNB1	9606.ENSP00000231721	9606.ENSP00000351338	0	0	0	0	0.067	0.186	0	0.398	0.503
SEMA3G	EFNB2	9606.ENSP00000231721	9606.ENSP00000493716	0	0	0	0	0.042	0	0	0.520	0.521
SEMA3G	PLXNA1	9606.ENSP00000231721	9606.ENSP00000377061	0	0	0	0	0	0.186	0	0.590	0.652
SEMA3G	PLXND1	9606.ENSP00000231721	9606.ENSP00000317128	0	0	0	0	0.073	0.186	0	0.595	0.667
SEMA3G	PLXNA4	9606.ENSP00000231721	9606.ENSP00000352882	0	0	0	0	0.073	0.186	0	0.600	0.672
SEMA3G	NRP2	9606.ENSP00000231721	9606.ENSP00000353582	0	0	0	0	0	0.095	0	0.811	0.822
SEMA3G	PLXNA3	9606.ENSP00000231721	9606.ENSP00000358696	0	0	0	0	0	0.186	0	0.808	0.837
SEMA3G	NRP1	9606.ENSP00000231721	9606.ENSP00000265371	0	0	0	0	0	0.097	0.900	0.929	0.993
SEMA4A	PLXNC1	9606.ENSP00000357265	9606.ENSP00000258526	0	0	0	0.551	0.085	0.186	0	0.283	0.419
SEMA4A	CD72	9606.ENSP00000357265	9606.ENSP00000259633	0	0	0	0	0.063	0	0	0.676	0.683
SEMA4A	NRP1	9606.ENSP00000357265	9606.ENSP00000265371	0	0	0	0	0	0.097	0	0.941	0.944
SEMA4A	PLXND1	9606.ENSP00000357265	9606.ENSP00000317128	0	0	0	0	0	0.494	0.900	0.936	0.996
SEMA4A	PLXNB1	9606.ENSP00000357265	9606.ENSP00000351338	0	0	0	0.553	0.043	0.459	0.900	0.794	0.987
SEMA4A	PLXNB2	9606.ENSP00000357265	9606.ENSP00000352288	0	0	0	0.557	0.068	0.459	0.900	0.615	0.978
SEMA4A	PLXNA4	9606.ENSP00000357265	9606.ENSP00000352882	0	0	0	0.557	0	0.186	0	0.541	0.610
SEMA4A	PLXNA2	9606.ENSP00000357265	9606.ENSP00000356000	0	0	0	0.552	0	0.186	0	0.588	0.650
SEMA4A	PLXNA3	9606.ENSP00000357265	9606.ENSP00000358696	0	0	0	0.557	0	0.186	0	0.534	0.605
SEMA4A	PLXNA1	9606.ENSP00000357265	9606.ENSP00000377061	0	0	0	0.560	0	0.186	0	0.557	0.624
SEMA4A	PLXNB3	9606.ENSP00000357265	9606.ENSP00000442736	0	0	0	0.553	0	0.459	0.900	0.532	0.972
SEMA4B	PLXNB1	9606.ENSP00000394720	9606.ENSP00000351338	0	0	0	0.552	0.060	0.186	0.900	0.283	0.937
SEMA4B	PLXNB2	9606.ENSP00000394720	9606.ENSP00000352288	0	0	0	0.552	0.072	0.186	0.900	0.593	0.965
SEMA4B	NRP2	9606.ENSP00000394720	9606.ENSP00000353582	0	0	0	0	0	0.095	0	0.462	0.492
SEMA4B	PLXNA1	9606.ENSP00000394720	9606.ENSP00000377061	0	0	0	0.558	0.049	0.186	0	0.535	0.609
SEMA4B	PLXNB3	9606.ENSP00000394720	9606.ENSP00000442736	0	0	0	0.551	0.060	0.186	0.900	0.243	0.934
SEMA4C	PLXNC1	9606.ENSP00000306844	9606.ENSP00000258526	0	0	0	0.551	0	0.225	0	0.522	0.614
SEMA4C	PLXNA4	9606.ENSP00000306844	9606.ENSP00000352882	0	0	0	0.552	0	0.225	0	0.270	0.410
SEMA4C	PLXNA2	9606.ENSP00000306844	9606.ENSP00000356000	0	0	0	0.550	0.049	0.225	0	0.292	0.433
SEMA4C	SEMA4D	9606.ENSP00000306844	9606.ENSP00000416523	0	0	0	0.846	0.042	0	0	0.438	0.438
SEMA4C	PLXNA1	9606.ENSP00000306844	9606.ENSP00000377061	0	0	0	0.551	0.068	0.225	0	0.285	0.438
SEMA4C	PLXNA3	9606.ENSP00000306844	9606.ENSP00000358696	0	0	0	0.553	0.107	0.225	0	0.285	0.462
SEMA4C	PLXND1	9606.ENSP00000306844	9606.ENSP00000317128	0	0	0	0.549	0.081	0.225	0	0.675	0.748
SEMA4C	PLXNB3	9606.ENSP00000306844	9606.ENSP00000442736	0	0	0	0.553	0.068	0.225	0.900	0.397	0.950
SEMA4C	PLXNB1	9606.ENSP00000306844	9606.ENSP00000351338	0	0	0	0.553	0.073	0.225	0.900	0.412	0.952
SEMA4C	PLXNB2	9606.ENSP00000306844	9606.ENSP00000352288	0	0	0	0.552	0.092	0.268	0.900	0.957	0.996
SEMA4D	NTN1	9606.ENSP00000416523	9606.ENSP00000173229	0	0	0	0	0	0	0	0.453	0.453
SEMA4D	RRAS	9606.ENSP00000416523	9606.ENSP00000246792	0	0	0	0	0.042	0.045	0.500	0.849	0.922
SEMA4D	PLXNC1	9606.ENSP00000416523	9606.ENSP00000258526	0	0	0	0	0.063	0.308	0	0.848	0.892
SEMA4D	CD72	9606.ENSP00000416523	9606.ENSP00000259633	0	0	0	0	0.063	0.510	0.900	0.998	0.999
SEMA4D	NRP1	9606.ENSP00000416523	9606.ENSP00000265371	0	0	0	0	0.049	0.097	0	0.475	0.509
SEMA4D	SEMA4C	9606.ENSP00000416523	9606.ENSP00000306844	0	0	0	0.846	0.042	0	0	0.438	0.438
SEMA4D	RND1	9606.ENSP00000416523	9606.ENSP00000308461	0	0	0	0	0	0.045	0.500	0.920	0.958
SEMA4D	PLXND1	9606.ENSP00000416523	9606.ENSP00000317128	0	0	0	0	0.042	0.308	0	0.745	0.816
SEMA4D	PLXNB1	9606.ENSP00000416523	9606.ENSP00000351338	0	0	0	0	0	0.810	0.900	0.999	0.999
SEMA4D	PLXNB2	9606.ENSP00000416523	9606.ENSP00000352288	0	0	0	0	0.044	0.427	0.900	0.998	0.999
SEMA4D	PLXNA4	9606.ENSP00000416523	9606.ENSP00000352882	0	0	0	0	0	0.308	0	0.707	0.788
SEMA4D	PLXNA2	9606.ENSP00000416523	9606.ENSP00000356000	0	0	0	0	0	0.308	0	0.882	0.915
SEMA4D	PLXNA3	9606.ENSP00000416523	9606.ENSP00000358696	0	0	0	0	0	0.308	0	0.563	0.684
SEMA4D	EVL	9606.ENSP00000416523	9606.ENSP00000376652	0	0	0	0	0.072	0	0	0.401	0.420
SEMA4D	PLXNA1	9606.ENSP00000416523	9606.ENSP00000377061	0	0	0	0	0.042	0.308	0	0.644	0.743
SEMA4D	EFNB2	9606.ENSP00000416523	9606.ENSP00000493716	0	0	0	0	0	0	0	0.461	0.461
SEMA4D	PLXNB3	9606.ENSP00000416523	9606.ENSP00000442736	0	0	0	0	0.042	0.468	0.900	0.845	0.991
SEMA4F	NRP1	9606.ENSP00000350547	9606.ENSP00000265371	0	0	0	0	0	0.161	0	0.515	0.576
SEMA4F	PLXND1	9606.ENSP00000350547	9606.ENSP00000317128	0	0	0	0	0	0.225	0	0.344	0.470
SEMA4F	PLXNA2	9606.ENSP00000350547	9606.ENSP00000356000	0	0	0	0	0	0.225	0	0.298	0.433
SEMA4F	PLXNA1	9606.ENSP00000350547	9606.ENSP00000377061	0	0	0	0	0.061	0.225	0	0.357	0.491
SEMA4F	PLXNA3	9606.ENSP00000350547	9606.ENSP00000358696	0	0	0	0	0.111	0.225	0	0.414	0.561
SEMA4F	PLXNB3	9606.ENSP00000350547	9606.ENSP00000442736	0	0	0	0	0.050	0.225	0.900	0.403	0.950
SEMA4F	PLXNB2	9606.ENSP00000350547	9606.ENSP00000352288	0	0	0	0	0.048	0.225	0.900	0.418	0.951
SEMA4F	PLXNB1	9606.ENSP00000350547	9606.ENSP00000351338	0	0	0	0	0.054	0.225	0.900	0.459	0.955
SEMA4G	PLXNA4	9606.ENSP00000210633	9606.ENSP00000352882	0	0	0	0.550	0	0.225	0	0.258	0.400
SEMA4G	PLXND1	9606.ENSP00000210633	9606.ENSP00000317128	0	0	0	0	0	0.225	0	0.447	0.553
SEMA4G	PLXNC1	9606.ENSP00000210633	9606.ENSP00000258526	0	0	0	0.550	0	0.225	0	0.515	0.608
SEMA4G	PLXNB3	9606.ENSP00000210633	9606.ENSP00000442736	0	0	0	0.549	0.072	0.225	0.900	0.258	0.939
SEMA4G	PLXNB1	9606.ENSP00000210633	9606.ENSP00000351338	0	0	0	0.552	0.089	0.225	0.900	0.292	0.943
SEMA4G	PLXNB2	9606.ENSP00000210633	9606.ENSP00000352288	0	0	0	0.551	0.073	0.225	0.900	0.740	0.978
SEMA5A	NTN1	9606.ENSP00000371936	9606.ENSP00000173229	0	0	0	0	0.042	0	0	0.413	0.413
SEMA5A	PLXNC1	9606.ENSP00000371936	9606.ENSP00000258526	0	0	0	0	0	0.225	0	0.516	0.609
SEMA5A	SEMA3A	9606.ENSP00000371936	9606.ENSP00000265362	0	0	0	0.701	0.058	0	0	0.485	0.494
SEMA5A	NRP1	9606.ENSP00000371936	9606.ENSP00000265371	0	0	0	0	0.058	0.161	0	0.571	0.631
SEMA5A	PLXND1	9606.ENSP00000371936	9606.ENSP00000317128	0	0	0	0	0.042	0.225	0	0.513	0.606
SEMA5A	SLIT3	9606.ENSP00000371936	9606.ENSP00000332164	0	0	0	0	0.072	0	0	0.485	0.501
SEMA5A	PLXNB1	9606.ENSP00000371936	9606.ENSP00000351338	0	0	0	0	0.049	0.225	0	0.738	0.790
SEMA5A	PLXNB2	9606.ENSP00000371936	9606.ENSP00000352288	0	0	0	0.548	0.044	0.225	0	0.574	0.657
SEMA5A	PLXNA4	9606.ENSP00000371936	9606.ENSP00000352882	0	0	0	0.551	0.059	0.225	0	0.331	0.470
SEMA5A	NRP2	9606.ENSP00000371936	9606.ENSP00000353582	0	0	0	0	0.066	0.071	0	0.591	0.614
SEMA5A	PLXNA2	9606.ENSP00000371936	9606.ENSP00000356000	0	0	0	0.548	0.048	0.225	0	0.602	0.680
SEMA5A	PLXNA3	9606.ENSP00000371936	9606.ENSP00000358696	0	0	0	0	0.049	0.225	0	0.808	0.846
SEMA5A	PLXNA1	9606.ENSP00000371936	9606.ENSP00000377061	0	0	0	0.548	0.048	0.225	0	0.828	0.862
SEMA5A	SEMA5B	9606.ENSP00000371936	9606.ENSP00000389588	0	0	0.057	0.962	0.059	0	0.900	0.336	0.933
SEMA5A	PLXNB3	9606.ENSP00000371936	9606.ENSP00000442736	0	0	0	0.549	0.042	0.225	0.900	0.988	0.999
SEMA5B	SEMA3A	9606.ENSP00000389588	9606.ENSP00000265362	0	0	0	0.724	0	0	0	0.505	0.505
SEMA5B	PLXND1	9606.ENSP00000389588	9606.ENSP00000317128	0	0	0	0	0.044	0.225	0	0.356	0.481
SEMA5B	SLIT3	9606.ENSP00000389588	9606.ENSP00000332164	0	0	0	0	0.042	0	0	0.593	0.593
SEMA5B	PLXNB1	9606.ENSP00000389588	9606.ENSP00000351338	0	0	0	0.548	0.080	0.225	0	0.543	0.646
SEMA5B	PLXNB2	9606.ENSP00000389588	9606.ENSP00000352288	0	0	0	0.548	0	0.225	0	0.529	0.620
SEMA5B	PLXNA4	9606.ENSP00000389588	9606.ENSP00000352882	0	0	0	0.551	0.076	0.225	0	0.292	0.448
SEMA5B	PLXNA3	9606.ENSP00000389588	9606.ENSP00000358696	0	0	0	0	0	0.225	0	0.675	0.737
SEMA5B	SEMA5A	9606.ENSP00000389588	9606.ENSP00000371936	0	0	0.057	0.962	0.059	0	0.900	0.336	0.933
SEMA5B	PLXNA1	9606.ENSP00000389588	9606.ENSP00000377061	0	0	0	0	0.044	0.225	0	0.764	0.810
SEMA5B	SEMA3E	9606.ENSP00000389588	9606.ENSP00000496491	0	0	0	0.695	0	0	0	0.450	0.450
SEMA5B	PLXNB3	9606.ENSP00000389588	9606.ENSP00000442736	0	0	0	0.548	0.042	0.225	0	0.642	0.711
SEMA6A	NTN1	9606.ENSP00000257414	9606.ENSP00000173229	0	0	0	0	0.049	0	0	0.446	0.451
SEMA6A	RRAS	9606.ENSP00000257414	9606.ENSP00000246792	0	0	0	0	0.051	0.045	0	0.572	0.578
SEMA6A	PLXNB2	9606.ENSP00000257414	9606.ENSP00000352288	0	0	0	0.548	0	0.225	0	0.304	0.437
SEMA6A	CD72	9606.ENSP00000257414	9606.ENSP00000259633	0	0	0	0	0	0	0	0.508	0.508
SEMA6A	SLIT3	9606.ENSP00000257414	9606.ENSP00000332164	0	0	0	0	0.042	0	0	0.512	0.513
SEMA6A	SEMA3E	9606.ENSP00000257414	9606.ENSP00000496491	0	0	0	0.715	0	0	0	0.525	0.525
SEMA6A	RND1	9606.ENSP00000257414	9606.ENSP00000308461	0	0	0	0	0	0.058	0	0.567	0.575
SEMA6A	PLXNB1	9606.ENSP00000257414	9606.ENSP00000351338	0	0	0	0.549	0.074	0.225	0	0.475	0.591
SEMA6A	PLXNB3	9606.ENSP00000257414	9606.ENSP00000442736	0	0	0	0.548	0	0.225	0	0.546	0.633
SEMA6A	PLXNC1	9606.ENSP00000257414	9606.ENSP00000258526	0	0	0	0	0	0.225	0	0.769	0.813
SEMA6A	PLXND1	9606.ENSP00000257414	9606.ENSP00000317128	0	0	0	0	0	0.225	0	0.771	0.815
SEMA6A	EVL	9606.ENSP00000257414	9606.ENSP00000376652	0	0	0	0	0.042	0.292	0	0.854	0.892
SEMA6A	PLXNA1	9606.ENSP00000257414	9606.ENSP00000377061	0	0	0	0	0	0.420	0	0.868	0.920
SEMA6A	NRP1	9606.ENSP00000257414	9606.ENSP00000265371	0	0	0	0	0.042	0.161	0	0.911	0.922
SEMA6A	NRP2	9606.ENSP00000257414	9606.ENSP00000353582	0	0	0	0	0.042	0.071	0	0.922	0.924
SEMA6A	PLXNA3	9606.ENSP00000257414	9606.ENSP00000358696	0	0	0	0	0	0.420	0	0.923	0.953
SEMA6A	PLXNA4	9606.ENSP00000257414	9606.ENSP00000352882	0	0	0	0	0	0.420	0.700	0.999	0.999
SEMA6A	PLXNA2	9606.ENSP00000257414	9606.ENSP00000356000	0	0	0	0.548	0	0.938	0.700	0.985	0.999
SEMA6B	PLXNC1	9606.ENSP00000467290	9606.ENSP00000258526	0	0	0	0	0	0.225	0	0.378	0.497
SEMA6B	NRP1	9606.ENSP00000467290	9606.ENSP00000265371	0	0	0	0	0	0.161	0	0.481	0.546
SEMA6B	PLXND1	9606.ENSP00000467290	9606.ENSP00000317128	0	0	0	0	0.056	0.225	0	0.570	0.658
SEMA6B	PLXNB1	9606.ENSP00000467290	9606.ENSP00000351338	0	0	0	0	0.042	0.225	0	0.574	0.656
SEMA6B	PLXNA4	9606.ENSP00000467290	9606.ENSP00000352882	0	0	0	0.552	0	0.295	0	0.843	0.885
SEMA6B	NRP2	9606.ENSP00000467290	9606.ENSP00000353582	0	0	0	0	0.056	0.071	0	0.634	0.651
SEMA6B	PLXNA2	9606.ENSP00000467290	9606.ENSP00000356000	0	0	0	0	0.049	0.295	0	0.964	0.974
SEMA6B	PLXNA3	9606.ENSP00000467290	9606.ENSP00000358696	0	0	0	0	0	0.295	0	0.748	0.814
SEMA6B	EVL	9606.ENSP00000467290	9606.ENSP00000376652	0	0	0	0	0	0	0	0.832	0.832
SEMA6B	PLXNA1	9606.ENSP00000467290	9606.ENSP00000377061	0	0	0	0	0.044	0.295	0	0.511	0.641
SEMA6B	PLXNB3	9606.ENSP00000467290	9606.ENSP00000442736	0	0	0	0.549	0.059	0.225	0	0.303	0.448
SEMA6C	PLXNC1	9606.ENSP00000357909	9606.ENSP00000258526	0	0	0	0	0	0.225	0	0.621	0.694
SEMA6C	PLXND1	9606.ENSP00000357909	9606.ENSP00000317128	0	0	0	0	0.064	0.225	0	0.682	0.749
SEMA6C	PLXNB1	9606.ENSP00000357909	9606.ENSP00000351338	0	0	0	0.552	0.084	0.225	0	0.266	0.433
SEMA6C	PLXNA4	9606.ENSP00000357909	9606.ENSP00000352882	0	0	0	0	0.078	0.225	0	0.723	0.784
SEMA6C	PLXNA2	9606.ENSP00000357909	9606.ENSP00000356000	0	0	0	0	0.067	0.225	0	0.762	0.812
SEMA6C	PLXNB3	9606.ENSP00000357909	9606.ENSP00000442736	0	0	0	0	0.086	0.225	0	0.320	0.476
SEMA6C	PLXNA3	9606.ENSP00000357909	9606.ENSP00000358696	0	0	0	0	0.049	0.225	0	0.706	0.764
SEMA6C	PLXNA1	9606.ENSP00000357909	9606.ENSP00000377061	0	0	0	0	0.072	0.225	0	0.918	0.936
SEMA6D	PLXNC1	9606.ENSP00000324857	9606.ENSP00000258526	0	0	0	0	0.044	0.225	0	0.486	0.586
SEMA6D	NRP1	9606.ENSP00000324857	9606.ENSP00000265371	0	0	0	0	0	0.161	0	0.580	0.633
SEMA6D	PLXND1	9606.ENSP00000324857	9606.ENSP00000317128	0	0	0	0	0	0.225	0	0.486	0.584
SEMA6D	EFNB2	9606.ENSP00000324857	9606.ENSP00000493716	0	0	0	0	0.067	0	0	0.388	0.404
SEMA6D	SLIT3	9606.ENSP00000324857	9606.ENSP00000332164	0	0	0	0	0.072	0	0	0.397	0.416
SEMA6D	PLXNB1	9606.ENSP00000324857	9606.ENSP00000351338	0	0	0	0.549	0.067	0.225	0	0.304	0.452
SEMA6D	PLXNB3	9606.ENSP00000324857	9606.ENSP00000442736	0	0	0	0	0	0.225	0	0.414	0.526
SEMA6D	PLXNA3	9606.ENSP00000324857	9606.ENSP00000358696	0	0	0	0.548	0	0.225	0	0.682	0.743
SEMA6D	NRCAM	9606.ENSP00000324857	9606.ENSP00000368314	0	0	0	0	0.085	0.084	0	0.845	0.859
SEMA6D	PLXNA2	9606.ENSP00000324857	9606.ENSP00000356000	0	0	0	0.549	0.105	0.225	0	0.819	0.864
SEMA6D	PLXNA4	9606.ENSP00000324857	9606.ENSP00000352882	0	0	0	0.549	0.074	0.225	0	0.921	0.938
SEMA6D	PLXNA1	9606.ENSP00000324857	9606.ENSP00000377061	0	0	0	0.548	0	0.919	0.500	0.988	0.999
SEMA7A	NTN1	9606.ENSP00000261918	9606.ENSP00000173229	0	0	0	0	0	0	0	0.400	0.400
SEMA7A	PLXNC1	9606.ENSP00000261918	9606.ENSP00000258526	0	0	0	0	0	0.954	0.900	0.999	0.999
SEMA7A	PLXNB2	9606.ENSP00000261918	9606.ENSP00000352288	0	0	0	0	0.063	0.186	0	0.471	0.561
SEMA7A	PLXNB3	9606.ENSP00000261918	9606.ENSP00000442736	0	0	0	0	0.086	0.186	0	0.470	0.571
SEMA7A	PLXNA2	9606.ENSP00000261918	9606.ENSP00000356000	0	0	0	0.552	0.042	0.186	0	0.546	0.615
SEMA7A	NRP2	9606.ENSP00000261918	9606.ENSP00000353582	0	0	0	0	0.072	0.045	0	0.604	0.618
SEMA7A	PLXND1	9606.ENSP00000261918	9606.ENSP00000317128	0	0	0	0	0.061	0.186	0	0.585	0.655
SEMA7A	PLXNA3	9606.ENSP00000261918	9606.ENSP00000358696	0	0	0	0	0.056	0.186	0	0.679	0.731
SEMA7A	PLXNA4	9606.ENSP00000261918	9606.ENSP00000352882	0	0	0	0	0	0.186	0	0.711	0.755
SEMA7A	NRP1	9606.ENSP00000261918	9606.ENSP00000265371	0	0	0	0	0	0.097	0	0.754	0.769
SEMA7A	PLXNB1	9606.ENSP00000261918	9606.ENSP00000351338	0	0	0	0	0	0.186	0	0.734	0.774
SEMA7A	PLXNA1	9606.ENSP00000261918	9606.ENSP00000377061	0	0	0	0	0.074	0.186	0	0.742	0.788
SLIT3	SEMA3F	9606.ENSP00000332164	9606.ENSP00000002829	0	0	0	0	0.044	0	0	0.536	0.538
SLIT3	NTN1	9606.ENSP00000332164	9606.ENSP00000173229	0	0	0	0	0.047	0.127	0	0.889	0.900
SLIT3	SEMA6A	9606.ENSP00000332164	9606.ENSP00000257414	0	0	0	0	0.042	0	0	0.512	0.513
SLIT3	SEMA3C	9606.ENSP00000332164	9606.ENSP00000265361	0	0	0	0	0.060	0	0	0.494	0.504
SLIT3	SEMA3A	9606.ENSP00000332164	9606.ENSP00000265362	0	0	0	0	0.055	0	0	0.767	0.771
SLIT3	NRP1	9606.ENSP00000332164	9606.ENSP00000265371	0	0	0	0	0.072	0	0	0.406	0.425
SLIT3	SEMA3D	9606.ENSP00000332164	9606.ENSP00000284136	0	0	0	0	0.067	0	0	0.422	0.438
SLIT3	PLXND1	9606.ENSP00000332164	9606.ENSP00000317128	0	0	0	0	0.062	0	0	0.604	0.613
SLIT3	SEMA6D	9606.ENSP00000332164	9606.ENSP00000324857	0	0	0	0	0.072	0	0	0.397	0.416
SLIT3	PLXNA2	9606.ENSP00000332164	9606.ENSP00000356000	0	0	0	0	0.083	0	0	0.391	0.418
SLIT3	SEMA3B	9606.ENSP00000332164	9606.ENSP00000480680	0	0	0	0	0.068	0	0	0.431	0.447
SLIT3	PLXNA4	9606.ENSP00000332164	9606.ENSP00000352882	0	0	0	0	0.098	0	0	0.426	0.460
SLIT3	EFNB2	9606.ENSP00000332164	9606.ENSP00000493716	0	0	0	0	0.048	0	0	0.479	0.483
SLIT3	SEMA5A	9606.ENSP00000332164	9606.ENSP00000371936	0	0	0	0	0.072	0	0	0.485	0.501
SLIT3	SEMA3E	9606.ENSP00000332164	9606.ENSP00000496491	0	0	0	0	0.044	0	0	0.556	0.557
SLIT3	SEMA5B	9606.ENSP00000332164	9606.ENSP00000389588	0	0	0	0	0.042	0	0	0.593	0.593
SLIT3	NRP2	9606.ENSP00000332164	9606.ENSP00000353582	0	0	0	0	0	0	0	0.603	0.603
SLIT3	PLXNA1	9606.ENSP00000332164	9606.ENSP00000377061	0	0	0	0	0.068	0	0	0.684	0.693
